{
    "dataset": "jannis",
    "algorithm": "dcn2",
    "config": {
        "data": {
            "normalization": "quantile",
            "path": "data/jannis"
        },
        "model": {
            "cross_dropout": 0.0,
            "d": 283,
            "hidden_dropout": 0.3480184574329006,
            "n_cross_layers": 1,
            "n_hidden_layers": 2,
            "stacked": false
        },
        "seed": 10,
        "training": {
            "batch_size": 512,
            "eval_batch_size": 8192,
            "lr": 0.0001894503525622219,
            "n_epochs": 1000000000,
            "optimizer": "adamw",
            "patience": 16,
            "weight_decay": 0.0009500154965366728
        }
    },
    "environment": {
        "devices": {
            "CUDA_VISIBLE_DEVICES": "0",
            "torch.version.cuda": "10.1",
            "torch.backends.cudnn.version()": 7603,
            "torch.cuda.nccl.version()": 2708,
            "driver": "450.51.06",
            "0": {
                "name": "GeForce RTX 2080 Ti",
                "total_memory": 11554717696
            }
        }
    },
    "epoch_size": 105,
    "n_parameters": 258949,
    "best_epoch": 49,
    "metrics": {
        "train": {
            "0": {
                "precision": 0.6307053941908713,
                "recall": 0.14074074074074075,
                "f1-score": 0.2301286903860712,
                "support": 1080
            },
            "1": {
                "precision": 0.6688373490958273,
                "recall": 0.7246675712347355,
                "f1-score": 0.695634052308013,
                "support": 18425
            },
            "2": {
                "precision": 0.7720453713867544,
                "recall": 0.6712619300106044,
                "f1-score": 0.7181348913721707,
                "support": 9430
            },
            "3": {
                "precision": 0.8190986698431606,
                "recall": 0.8367744290755689,
                "f1-score": 0.8278422087563707,
                "support": 24653
            },
            "accuracy": 0.755075763230574,
            "macro avg": {
                "precision": 0.7226716961291535,
                "recall": 0.5933611677654124,
                "f1-score": 0.6179349607056565,
                "support": 53588
            },
            "weighted avg": {
                "precision": 0.7553578663625679,
                "recall": 0.755075763230574,
                "f1-score": 0.751033858279885,
                "support": 53588
            },
            "score": 0.755075763230574
        },
        "val": {
            "0": {
                "precision": 0.3958333333333333,
                "recall": 0.07037037037037037,
                "f1-score": 0.11949685534591196,
                "support": 270
            },
            "1": {
                "precision": 0.617017017017017,
                "recall": 0.6689819839374864,
                "f1-score": 0.6419495938346178,
                "support": 4607
            },
            "2": {
                "precision": 0.7132424537487828,
                "recall": 0.6215528213831141,
                "f1-score": 0.6642484697347539,
                "support": 2357
            },
            "3": {
                "precision": 0.801301380733217,
                "recall": 0.8191109669046074,
                "f1-score": 0.8101083032490975,
                "support": 6164
            },
            "accuracy": 0.7176444245409762,
            "macro avg": {
                "precision": 0.6318485462080875,
                "recall": 0.5450040356488945,
                "f1-score": 0.5589508055410953,
                "support": 13398
            },
            "weighted avg": {
                "precision": 0.7142712771848655,
                "recall": 0.7176444245409762,
                "f1-score": 0.7127084008159227,
                "support": 13398
            },
            "score": 0.7176444245409762
        },
        "test": {
            "0": {
                "precision": 0.30434782608695654,
                "recall": 0.06231454005934718,
                "f1-score": 0.10344827586206896,
                "support": 337
            },
            "1": {
                "precision": 0.6184061029053725,
                "recall": 0.6616880861410211,
                "f1-score": 0.6393153788069468,
                "support": 5758
            },
            "2": {
                "precision": 0.7090340242471647,
                "recall": 0.6152019002375297,
                "f1-score": 0.6587936046511629,
                "support": 2947
            },
            "3": {
                "precision": 0.792964824120603,
                "recall": 0.8192083062946139,
                "f1-score": 0.8058729652090648,
                "support": 7705
            },
            "accuracy": 0.7139189108497044,
            "macro avg": {
                "precision": 0.6061881943400241,
                "recall": 0.539603208183128,
                "f1-score": 0.5518575561323109,
                "support": 16747
            },
            "weighted avg": {
                "precision": 0.7083456617439589,
                "recall": 0.7139189108497044,
                "f1-score": 0.7085899546174681,
                "support": 16747
            },
            "score": 0.7139189108497044
        }
    },
    "time": "0:00:27"
}
