{
    "dataset": "higgs_small",
    "algorithm": "ft_transformer",
    "config": {
        "data": {
            "normalization": "quantile",
            "path": "data/higgs_small"
        },
        "model": {
            "activation": "reglu",
            "attention_dropout": 0.1671333271970697,
            "d_ffn_factor": 1.693630051357017,
            "d_token": 408,
            "ffn_dropout": 0.2235139789925775,
            "initialization": "kaiming",
            "n_heads": 8,
            "n_layers": 1,
            "prenormalization": true,
            "residual_dropout": 0.0,
            "token_bias": false,
            "token_cat_bias": false
        },
        "seed": 10,
        "training": {
            "batch_size": 512,
            "eval_batch_size": 8192,
            "lr": 3.802820132524935e-05,
            "n_epochs": 1000000000,
            "optimizer": "adamw",
            "patience": 16,
            "weight_decay": 0.0008259373490758485
        }
    },
    "environment": {
        "devices": {
            "CUDA_VISIBLE_DEVICES": "0",
            "torch.version.cuda": "10.1",
            "torch.backends.cudnn.version()": 7603,
            "torch.cuda.nccl.version()": 2708,
            "driver": "450.80.02",
            "0": {
                "name": "Tesla V100-PCIE-32GB",
                "total_memory": 34089730048
            }
        }
    },
    "epoch_size": 123,
    "n_parameters": 1528935,
    "best_epoch": 74,
    "metrics": {
        "train": {
            "0": {
                "precision": 0.7326596848127949,
                "recall": 0.7402136434318166,
                "f1-score": 0.7364172930434344,
                "support": 29582
            },
            "1": {
                "precision": 0.7661646128099803,
                "recall": 0.759119686463672,
                "f1-score": 0.7626258802150375,
                "support": 33170
            },
            "accuracy": 0.7502071647118816,
            "macro avg": {
                "precision": 0.7494121488113876,
                "recall": 0.7496666649477444,
                "f1-score": 0.749521586629236,
                "support": 62752
            },
            "weighted avg": {
                "precision": 0.7503700121595989,
                "recall": 0.7502071647118816,
                "f1-score": 0.7502708568578479,
                "support": 62752
            },
            "roc_auc": 0.8337635057104672,
            "pr_auc": 0.8504588733855818,
            "score": 0.7502071647118816
        },
        "val": {
            "0": {
                "precision": 0.7211370066011047,
                "recall": 0.7237696051919956,
                "f1-score": 0.7224509076185979,
                "support": 7396
            },
            "1": {
                "precision": 0.7528130671506352,
                "recall": 0.7503617945007236,
                "f1-score": 0.7515854321435044,
                "support": 8292
            },
            "accuracy": 0.7378250892401835,
            "macro avg": {
                "precision": 0.73697503687587,
                "recall": 0.7370656998463596,
                "f1-score": 0.7370181698810512,
                "support": 15688
            },
            "weighted avg": {
                "precision": 0.737879605662598,
                "recall": 0.7378250892401835,
                "f1-score": 0.7378501603825273,
                "support": 15688
            },
            "roc_auc": 0.814621743425541,
            "pr_auc": 0.8299871677430727,
            "score": 0.7378250892401835
        },
        "test": {
            "0": {
                "precision": 0.7124891587163921,
                "recall": 0.7108707409410492,
                "f1-score": 0.711679029725486,
                "support": 9245
            },
            "1": {
                "precision": 0.74263431542461,
                "recall": 0.7441389290882778,
                "f1-score": 0.7433858609223651,
                "support": 10365
            },
            "accuracy": 0.728454869964304,
            "macro avg": {
                "precision": 0.727561737070501,
                "recall": 0.7275048350146636,
                "f1-score": 0.7275324453239256,
                "support": 19610
            },
            "weighted avg": {
                "precision": 0.7284225880524797,
                "recall": 0.728454869964304,
                "f1-score": 0.7284378928236834,
                "support": 19610
            },
            "roc_auc": 0.807060334565013,
            "pr_auc": 0.8226474482647801,
            "score": 0.728454869964304
        }
    },
    "time": "0:03:23"
}
