{
    "program": "bin/ensemble.py",
    "config": {
        "seeds": [
            10,
            11,
            12,
            13,
            14
        ]
    },
    "single_model_program": "bin/train3___b5019089baca460f83b485b4210cf884.py",
    "data": "data/santander",
    "prediction_type": "probs",
    "metrics": {
        "train": {
            "0": {
                "precision": 0.9331493658033294,
                "recall": 0.9897601139502162,
                "f1-score": 0.9606214253501418,
                "support": 115138
            },
            "1": {
                "precision": 0.7993874425727412,
                "recall": 0.36526201212875137,
                "f1-score": 0.5014141629756124,
                "support": 12862
            },
            "accuracy": 0.9270078125,
            "macro avg": {
                "precision": 0.8662684041880353,
                "recall": 0.6775110630394838,
                "f1-score": 0.731017794162877,
                "support": 128000
            },
            "weighted avg": {
                "precision": 0.9197083825487058,
                "recall": 0.9270078125,
                "f1-score": 0.9144782705949762,
                "support": 128000
            },
            "roc_auc": 0.9220552091933171,
            "score": 0.9270078125
        },
        "val": {
            "0": {
                "precision": 0.9310796645702306,
                "recall": 0.9874930516953864,
                "f1-score": 0.9584569732937686,
                "support": 28784
            },
            "1": {
                "precision": 0.7554347826086957,
                "recall": 0.34577114427860695,
                "f1-score": 0.47440273037542663,
                "support": 3216
            },
            "accuracy": 0.923,
            "macro avg": {
                "precision": 0.8432572235894631,
                "recall": 0.6666320979869966,
                "f1-score": 0.7164298518345976,
                "support": 32000
            },
            "weighted avg": {
                "precision": 0.9134273539330964,
                "recall": 0.923,
                "f1-score": 0.9098095218804751,
                "support": 32000
            },
            "roc_auc": 0.8973320314336461,
            "score": 0.923
        },
        "test": {
            "0": {
                "precision": 0.9307350248495946,
                "recall": 0.9889382990550306,
                "f1-score": 0.9589543188249562,
                "support": 35980
            },
            "1": {
                "precision": 0.7751412429378531,
                "recall": 0.34129353233830845,
                "f1-score": 0.47392055267702937,
                "support": 4020
            },
            "accuracy": 0.92385,
            "macro avg": {
                "precision": 0.8529381338937239,
                "recall": 0.6651159156966695,
                "f1-score": 0.7164374357509928,
                "support": 40000
            },
            "weighted avg": {
                "precision": 0.9150978497674647,
                "recall": 0.92385,
                "f1-score": 0.9102084253270896,
                "support": 40000
            },
            "roc_auc": 0.893190485178333,
            "score": 0.92385
        }
    }
}
