{
    "dataset": "epsilon",
    "algorithm": "mlp",
    "config": {
        "data": {
            "path": "data/epsilon"
        },
        "model": {
            "d_layers": [
                2,
                385,
                425
            ],
            "dropout": 0.0
        },
        "seed": 9,
        "training": {
            "batch_size": 1024,
            "eval_batch_size": 8192,
            "lr": 5.574400418852433e-05,
            "n_epochs": 1000000000,
            "optimizer": "adamw",
            "patience": 16,
            "weight_decay": 0.0008593696047023626
        }
    },
    "environment": {
        "devices": {
            "CUDA_VISIBLE_DEVICES": "0",
            "torch.version.cuda": "10.1",
            "torch.backends.cudnn.version()": 7603,
            "torch.cuda.nccl.version()": 2708,
            "driver": "450.80.02",
            "0": {
                "name": "Tesla V100-PCIE-32GB",
                "total_memory": 34089730048
            }
        }
    },
    "epoch_size": 313,
    "n_parameters": 169633,
    "best_epoch": 48,
    "metrics": {
        "train": {
            "0": {
                "precision": 0.8958799558588717,
                "recall": 0.9074321539633575,
                "f1-score": 0.9016190526417022,
                "support": 160142
            },
            "1": {
                "precision": 0.9060541342138118,
                "recall": 0.8943499856122309,
                "f1-score": 0.9001640164834992,
                "support": 159858
            },
            "accuracy": 0.900896875,
            "macro avg": {
                "precision": 0.9009670450363417,
                "recall": 0.9008910697877942,
                "f1-score": 0.9008915345626007,
                "support": 320000
            },
            "weighted avg": {
                "precision": 0.9009625302446967,
                "recall": 0.900896875,
                "f1-score": 0.9008921802348959,
                "support": 320000
            },
            "roc_auc": 0.9646093948392125,
            "score": 0.900896875
        },
        "val": {
            "0": {
                "precision": 0.8927690029615005,
                "recall": 0.9035843636817784,
                "f1-score": 0.8981441251318975,
                "support": 40035
            },
            "1": {
                "precision": 0.9022289766970618,
                "recall": 0.8912798698861504,
                "f1-score": 0.8967210019510353,
                "support": 39965
            },
            "accuracy": 0.8974375,
            "macro avg": {
                "precision": 0.8974989898292811,
                "recall": 0.8974321167839644,
                "f1-score": 0.8974325635414664,
                "support": 80000
            },
            "weighted avg": {
                "precision": 0.8974948510907718,
                "recall": 0.8974375,
                "f1-score": 0.8974331861578579,
                "support": 80000
            },
            "roc_auc": 0.9620247356126882,
            "score": 0.8974375
        },
        "test": {
            "0": {
                "precision": 0.8909948879276445,
                "recall": 0.9055050454590868,
                "f1-score": 0.8981913681185273,
                "support": 50045
            },
            "1": {
                "precision": 0.9037647537647537,
                "recall": 0.8890201181062957,
                "f1-score": 0.8963318028154802,
                "support": 49955
            },
            "accuracy": 0.89727,
            "macro avg": {
                "precision": 0.8973798208461992,
                "recall": 0.8972625817826912,
                "f1-score": 0.8972615854670037,
                "support": 100000
            },
            "weighted avg": {
                "precision": 0.8973740744065724,
                "recall": 0.89727,
                "f1-score": 0.8972624222713901,
                "support": 100000
            },
            "roc_auc": 0.962025497640653,
            "score": 0.89727
        }
    },
    "time": "0:03:06"
}
