{
    "program": "bin/ensemble.py",
    "config": {
        "seeds": [
            0,
            1,
            2,
            3,
            4
        ]
    },
    "single_model_program": "bin/xgboost____8eb7cbef68b74d2388519b11213a86c5.py",
    "data": "data/adult",
    "prediction_type": "probs",
    "metrics": {
        "train": {
            "0": {
                "precision": 0.905418387933519,
                "recall": 0.953173198482933,
                "f1-score": 0.9286822851230508,
                "support": 19775
            },
            "1": {
                "precision": 0.822944550669216,
                "recall": 0.6861150964450821,
                "f1-score": 0.7483265235156046,
                "support": 6273
            },
            "accuracy": 0.8888590294840295,
            "macro avg": {
                "precision": 0.8641814693013675,
                "recall": 0.8196441474640075,
                "f1-score": 0.8385044043193277,
                "support": 26048
            },
            "weighted avg": {
                "precision": 0.8855566564701063,
                "recall": 0.8888590294840295,
                "f1-score": 0.8852481753041199,
                "support": 26048
            },
            "roc_auc": 0.946601885591995,
            "score": 0.8888590294840295
        },
        "val": {
            "0": {
                "precision": 0.8932874354561101,
                "recall": 0.9445904954499494,
                "f1-score": 0.9182229211716139,
                "support": 4945
            },
            "1": {
                "precision": 0.7866043613707165,
                "recall": 0.6441326530612245,
                "f1-score": 0.7082748948106591,
                "support": 1568
            },
            "accuracy": 0.872255489021956,
            "macro avg": {
                "precision": 0.8399458984134134,
                "recall": 0.794361574255587,
                "f1-score": 0.8132489079911365,
                "support": 6513
            },
            "weighted avg": {
                "precision": 0.8676035631751493,
                "recall": 0.872255489021956,
                "f1-score": 0.8676780869425371,
                "support": 6513
            },
            "roc_auc": 0.9302833077113553,
            "score": 0.872255489021956
        },
        "test": {
            "0": {
                "precision": 0.8976534433998319,
                "recall": 0.9444310414153598,
                "f1-score": 0.9204483109961595,
                "support": 12435
            },
            "1": {
                "precision": 0.783927454659162,
                "recall": 0.6518460738429537,
                "f1-score": 0.7118114707552528,
                "support": 3846
            },
            "accuracy": 0.8753147841041705,
            "macro avg": {
                "precision": 0.840790449029497,
                "recall": 0.7981385576291568,
                "f1-score": 0.8161298908757062,
                "support": 16281
            },
            "weighted avg": {
                "precision": 0.8707883765921041,
                "recall": 0.8753147841041705,
                "f1-score": 0.8711628071839534,
                "support": 16281
            },
            "roc_auc": 0.9274388024173962,
            "score": 0.8753147841041705
        }
    }
}
