{
    "program": "bin/ensemble.py",
    "config": {
        "seeds": [
            5,
            6,
            7,
            8,
            9
        ]
    },
    "single_model_program": "bin/train3___0b684d96ad1a46408d33662d05e25789.py",
    "data": "data/otto",
    "prediction_type": "probs",
    "metrics": {
        "train": {
            "0": {
                "precision": 0.9031963470319635,
                "recall": 0.8008097165991903,
                "f1-score": 0.8489270386266095,
                "support": 1235
            },
            "1": {
                "precision": 0.8335737468445726,
                "recall": 0.8961038961038961,
                "f1-score": 0.8637085474077533,
                "support": 10318
            },
            "2": {
                "precision": 0.7482880265615273,
                "recall": 0.7040218664584147,
                "f1-score": 0.7254803339704253,
                "support": 5122
            },
            "3": {
                "precision": 0.9038884812912693,
                "recall": 0.7154471544715447,
                "f1-score": 0.7987034035656403,
                "support": 1722
            },
            "4": {
                "precision": 0.985244040862656,
                "recall": 0.9903023388476897,
                "f1-score": 0.9877667140825035,
                "support": 1753
            },
            "5": {
                "precision": 0.9798216276477146,
                "recall": 0.9715896528852531,
                "f1-score": 0.9756882770870338,
                "support": 9046
            },
            "6": {
                "precision": 0.880672268907563,
                "recall": 0.8651623555310952,
                "f1-score": 0.8728484175458078,
                "support": 1817
            },
            "7": {
                "precision": 0.9633498259116731,
                "recall": 0.970463356101163,
                "f1-score": 0.9668935074489607,
                "support": 5417
            },
            "8": {
                "precision": 0.9300184162062615,
                "recall": 0.9555345316934721,
                "f1-score": 0.9426038264115727,
                "support": 3171
            },
            "accuracy": 0.8953561778742961,
            "macro avg": {
                "precision": 0.9031169756961334,
                "recall": 0.8743816520768577,
                "f1-score": 0.8869577851273674,
                "support": 39601
            },
            "weighted avg": {
                "precision": 0.895528491958551,
                "recall": 0.8953561778742961,
                "f1-score": 0.894464858432676,
                "support": 39601
            },
            "score": 0.8953561778742961
        },
        "val": {
            "0": {
                "precision": 0.6378600823045267,
                "recall": 0.5032467532467533,
                "f1-score": 0.5626134301270418,
                "support": 308
            },
            "1": {
                "precision": 0.7540699688257707,
                "recall": 0.8437984496124031,
                "f1-score": 0.7964148527528808,
                "support": 2580
            },
            "2": {
                "precision": 0.636443661971831,
                "recall": 0.5644028103044496,
                "f1-score": 0.5982623086470831,
                "support": 1281
            },
            "3": {
                "precision": 0.7348242811501597,
                "recall": 0.5336426914153132,
                "f1-score": 0.6182795698924731,
                "support": 431
            },
            "4": {
                "precision": 0.9701834862385321,
                "recall": 0.9657534246575342,
                "f1-score": 0.9679633867276888,
                "support": 438
            },
            "5": {
                "precision": 0.9481046931407943,
                "recall": 0.9288240495137047,
                "f1-score": 0.9383653416703885,
                "support": 2262
            },
            "6": {
                "precision": 0.7085201793721974,
                "recall": 0.6960352422907489,
                "f1-score": 0.7022222222222223,
                "support": 454
            },
            "7": {
                "precision": 0.911913357400722,
                "recall": 0.9327917282127031,
                "f1-score": 0.9222343921139101,
                "support": 1354
            },
            "8": {
                "precision": 0.8307508939213349,
                "recall": 0.8789407313997478,
                "f1-score": 0.8541666666666667,
                "support": 793
            },
            "accuracy": 0.8165841834158166,
            "macro avg": {
                "precision": 0.7925189560362077,
                "recall": 0.7608262089614842,
                "f1-score": 0.7733913523133729,
                "support": 9901
            },
            "weighted avg": {
                "precision": 0.813927129600449,
                "recall": 0.8165841834158166,
                "f1-score": 0.8132821490056628,
                "support": 9901
            },
            "score": 0.8165841834158166
        },
        "test": {
            "0": {
                "precision": 0.6329113924050633,
                "recall": 0.5181347150259067,
                "f1-score": 0.5698005698005699,
                "support": 386
            },
            "1": {
                "precision": 0.7521678321678321,
                "recall": 0.8340570719602978,
                "f1-score": 0.790998676275923,
                "support": 3224
            },
            "2": {
                "precision": 0.5970359915314044,
                "recall": 0.52841973766396,
                "f1-score": 0.5606361829025845,
                "support": 1601
            },
            "3": {
                "precision": 0.7108433734939759,
                "recall": 0.5483271375464684,
                "f1-score": 0.6190975865687304,
                "support": 538
            },
            "4": {
                "precision": 0.9761467889908257,
                "recall": 0.9708029197080292,
                "f1-score": 0.9734675205855444,
                "support": 548
            },
            "5": {
                "precision": 0.9567723342939481,
                "recall": 0.9395118500176866,
                "f1-score": 0.9480635373906836,
                "support": 2827
            },
            "6": {
                "precision": 0.7277777777777777,
                "recall": 0.6919014084507042,
                "f1-score": 0.7093862815884477,
                "support": 568
            },
            "7": {
                "precision": 0.9050086355785838,
                "recall": 0.928529238038984,
                "f1-score": 0.9166180758017493,
                "support": 1693
            },
            "8": {
                "precision": 0.8398104265402844,
                "recall": 0.8940464177598385,
                "f1-score": 0.866080156402737,
                "support": 991
            },
            "accuracy": 0.8135908209437621,
            "macro avg": {
                "precision": 0.7887193947532994,
                "recall": 0.761525610685764,
                "f1-score": 0.7726831763685522,
                "support": 12376
            },
            "weighted avg": {
                "precision": 0.8100448130000556,
                "recall": 0.8135908209437621,
                "f1-score": 0.8102345547359132,
                "support": 12376
            },
            "score": 0.8135908209437621
        }
    }
}
