{
    "program": "bin/ensemble.py",
    "config": {
        "seeds": [
            10,
            11,
            12,
            13,
            14
        ]
    },
    "single_model_program": "bin/train0___f1b19b61e1954cb88f4dfcc34841f689.py",
    "data": "data/churn",
    "prediction_type": "probs",
    "metrics": {
        "train": {
            "0": {
                "precision": 0.8815530506351762,
                "recall": 0.9668367346938775,
                "f1-score": 0.9222274216190921,
                "support": 5096
            },
            "1": {
                "precision": 0.7916152897657214,
                "recall": 0.49233128834355827,
                "f1-score": 0.6070921985815604,
                "support": 1304
            },
            "accuracy": 0.87015625,
            "macro avg": {
                "precision": 0.8365841702004488,
                "recall": 0.7295840115187179,
                "f1-score": 0.7646598101003262,
                "support": 6400
            },
            "weighted avg": {
                "precision": 0.8632282318580249,
                "recall": 0.87015625,
                "f1-score": 0.858018619925195,
                "support": 6400
            },
            "roc_auc": 0.8829270942685711,
            "score": 0.87015625
        },
        "val": {
            "0": {
                "precision": 0.8807665010645848,
                "recall": 0.9740973312401884,
                "f1-score": 0.9250838613492359,
                "support": 1274
            },
            "1": {
                "precision": 0.8272251308900523,
                "recall": 0.48466257668711654,
                "f1-score": 0.6112185686653772,
                "support": 326
            },
            "accuracy": 0.874375,
            "macro avg": {
                "precision": 0.8539958159773186,
                "recall": 0.7293799539636525,
                "f1-score": 0.7681512150073065,
                "support": 1600
            },
            "weighted avg": {
                "precision": 0.8698574468915237,
                "recall": 0.874375,
                "f1-score": 0.8611338079648996,
                "support": 1600
            },
            "roc_auc": 0.8701844824763317,
            "score": 0.874375
        },
        "test": {
            "0": {
                "precision": 0.8720996038483305,
                "recall": 0.9673571876961707,
                "f1-score": 0.9172619047619048,
                "support": 1593
            },
            "1": {
                "precision": 0.776824034334764,
                "recall": 0.44471744471744473,
                "f1-score": 0.565625,
                "support": 407
            },
            "accuracy": 0.861,
            "macro avg": {
                "precision": 0.8244618190915473,
                "recall": 0.7060373162068078,
                "f1-score": 0.7414434523809524,
                "support": 2000
            },
            "weighted avg": {
                "precision": 0.8527110254523197,
                "recall": 0.861,
                "f1-score": 0.8457037946428573,
                "support": 2000
            },
            "roc_auc": 0.8573750946632303,
            "score": 0.861
        }
    }
}
