{
    "dataset": "higgs_small",
    "algorithm": "autoint",
    "config": {
        "data": {
            "normalization": "quantile_normal",
            "path": "data/higgs_small"
        },
        "model": {
            "activation": "relu",
            "attention_dropout": 0.2853046263006235,
            "d_token": 42,
            "initialization": "kaiming",
            "n_heads": 2,
            "n_layers": 3,
            "prenormalization": false,
            "residual_dropout": 0.0
        },
        "seed": 10,
        "training": {
            "batch_size": 512,
            "eval_batch_size": 8192,
            "lr": 0.0007010889729249752,
            "n_epochs": 1000000000,
            "optimizer": "adamw",
            "patience": 16,
            "weight_decay": 2.645336245353338e-06
        }
    },
    "environment": {
        "devices": {
            "CUDA_VISIBLE_DEVICES": "0",
            "torch.version.cuda": "10.1",
            "torch.backends.cudnn.version()": 7603,
            "torch.cuda.nccl.version()": 2708,
            "driver": "450.80.02",
            "0": {
                "name": "Tesla V100-PCIE-32GB",
                "total_memory": 34089730048
            }
        }
    },
    "epoch_size": 123,
    "n_parameters": 24151,
    "best_epoch": 47,
    "metrics": {
        "train": {
            "0": {
                "precision": 0.7376424606693599,
                "recall": 0.759211682780069,
                "f1-score": 0.7482716686934648,
                "support": 29582
            },
            "1": {
                "precision": 0.7795078161275344,
                "recall": 0.7591799819113657,
                "f1-score": 0.769209621993127,
                "support": 33170
            },
            "accuracy": 0.7591949260581337,
            "macro avg": {
                "precision": 0.7585751383984471,
                "recall": 0.7591958323457173,
                "f1-score": 0.7587406453432959,
                "support": 62752
            },
            "weighted avg": {
                "precision": 0.7597720157520289,
                "recall": 0.7591949260581337,
                "f1-score": 0.7593392348419509,
                "support": 62752
            },
            "roc_auc": 0.8437857573640826,
            "score": 0.7591949260581337
        },
        "val": {
            "0": {
                "precision": 0.7152878888153541,
                "recall": 0.7306652244456463,
                "f1-score": 0.7228947896461775,
                "support": 7396
            },
            "1": {
                "precision": 0.7550719291774253,
                "recall": 0.7405933429811867,
                "f1-score": 0.7477625570776256,
                "support": 8292
            },
            "accuracy": 0.7359127995920449,
            "macro avg": {
                "precision": 0.7351799089963897,
                "recall": 0.7356292837134165,
                "f1-score": 0.7353286733619016,
                "support": 15688
            },
            "weighted avg": {
                "precision": 0.7363160162173362,
                "recall": 0.7359127995920449,
                "f1-score": 0.7360388186837583,
                "support": 15688
            },
            "roc_auc": 0.8107680890075781,
            "score": 0.7359127995920449
        },
        "test": {
            "0": {
                "precision": 0.7006603081438004,
                "recall": 0.7230935640886966,
                "f1-score": 0.7117002022782924,
                "support": 9245
            },
            "1": {
                "precision": 0.7457542953620022,
                "recall": 0.7244573082489146,
                "f1-score": 0.7349515513360086,
                "support": 10365
            },
            "accuracy": 0.723814380418154,
            "macro avg": {
                "precision": 0.7232073017529013,
                "recall": 0.7237754361688056,
                "f1-score": 0.7233258768071505,
                "support": 19610
            },
            "weighted avg": {
                "precision": 0.7244950443761646,
                "recall": 0.723814380418154,
                "f1-score": 0.7239898622978349,
                "support": 19610
            },
            "roc_auc": 0.8034430365744434,
            "score": 0.723814380418154
        }
    },
    "time": "0:02:19"
}
