{
    "program": "bin/ensemble.py",
    "config": {
        "seeds": [
            5,
            6,
            7,
            8,
            9
        ]
    },
    "single_model_program": "bin/train0___3d6b94790918448fa7be08851e112dbd.py",
    "data": "data/fb-comments",
    "prediction_type": null,
    "metrics": {
        "train": {
            "rmse": 3.9746198235818517,
            "score": -3.9746198235818517
        },
        "val": {
            "rmse": 5.308699222739263,
            "score": -5.308699222739263
        },
        "test": {
            "rmse": 5.5080089172975075,
            "score": -5.5080089172975075
        }
    }
}
