{
    "dataset": "epsilon",
    "algorithm": "mlp",
    "config": {
        "data": {
            "path": "data/epsilon"
        },
        "model": {
            "d_layers": [
                481,
                156
            ],
            "dropout": 0.0
        },
        "seed": 2,
        "training": {
            "batch_size": 1024,
            "eval_batch_size": 8192,
            "lr": 2.553049137163297e-05,
            "n_epochs": 1000000000,
            "optimizer": "adamw",
            "patience": 16,
            "weight_decay": 4.151903192558631e-05
        }
    },
    "environment": {
        "devices": {
            "CUDA_VISIBLE_DEVICES": "0",
            "torch.version.cuda": "10.1",
            "torch.backends.cudnn.version()": 7603,
            "torch.cuda.nccl.version()": 2708,
            "driver": "418.67",
            "0": {
                "name": "Tesla V100-PCIE-32GB",
                "total_memory": 34058272768
            }
        }
    },
    "epoch_size": 313,
    "n_parameters": 1037830,
    "best_epoch": 48,
    "metrics": {
        "train": {
            "0": {
                "precision": 0.9028036216047456,
                "recall": 0.9028487217594385,
                "f1-score": 0.9028261711188541,
                "support": 160142
            },
            "1": {
                "precision": 0.9026712543009071,
                "recall": 0.9026260806465738,
                "f1-score": 0.902648666908554,
                "support": 159858
            },
            "accuracy": 0.9027375,
            "macro avg": {
                "precision": 0.9027374379528263,
                "recall": 0.9027374012030062,
                "f1-score": 0.9027374190137041,
                "support": 320000
            },
            "weighted avg": {
                "precision": 0.9027374966908174,
                "recall": 0.9027375,
                "f1-score": 0.9027374977811975,
                "support": 320000
            },
            "roc_auc": 0.9027374012030062,
            "score": 0.9027374012030062
        },
        "val": {
            "0": {
                "precision": 0.8968505706935738,
                "recall": 0.8969401773448232,
                "f1-score": 0.8968953717811025,
                "support": 40035
            },
            "1": {
                "precision": 0.8967493305973324,
                "recall": 0.8966595771299888,
                "f1-score": 0.8967044516177464,
                "support": 39965
            },
            "accuracy": 0.8968,
            "macro avg": {
                "precision": 0.8967999506454531,
                "recall": 0.896799877237406,
                "f1-score": 0.8967999116994244,
                "support": 80000
            },
            "weighted avg": {
                "precision": 0.8967999949379951,
                "recall": 0.8968,
                "f1-score": 0.8967999952269958,
                "support": 80000
            },
            "roc_auc": 0.8967998772374061,
            "score": 0.8967998772374061
        },
        "test": {
            "0": {
                "precision": 0.8959980876874962,
                "recall": 0.8987910880207813,
                "f1-score": 0.8973924146599367,
                "support": 50045
            },
            "1": {
                "precision": 0.8982911303439828,
                "recall": 0.8954859373436093,
                "f1-score": 0.8968863403973776,
                "support": 49955
            },
            "accuracy": 0.89714,
            "macro avg": {
                "precision": 0.8971446090157396,
                "recall": 0.8971385126821954,
                "f1-score": 0.8971393775286571,
                "support": 100000
            },
            "weighted avg": {
                "precision": 0.8971435771465441,
                "recall": 0.89714,
                "f1-score": 0.8971396052620753,
                "support": 100000
            },
            "roc_auc": 0.8971385126821954,
            "score": 0.8971385126821954
        }
    },
    "time": "00h 02m 01s"
}
