{
    "dataset": "data/adult",
    "algorithm": "tabnet_refactor",
    "config": {
        "data": {
            "cat_policy": "indices",
            "normalization": "quantile_normal",
            "path": "data/adult"
        },
        "model": {
            "batch_momentum": 0.95,
            "d_embedding": 183,
            "feature_dim": 16,
            "num_decision_steps": 6,
            "relaxation_factor": 1.309872366007176,
            "virtual_batch_size": 256
        },
        "seed": 1,
        "training": {
            "batch_size": 2048,
            "display_steps": 100,
            "epochs": 50000,
            "grad_thresh": 2000.0,
            "patience": 16,
            "schedule": {
                "decay_rate": 0.7143431819917092,
                "decay_steps": 2000,
                "learning_rate": 0.004689131428587224
            },
            "sparsity_loss_weight": 0.03085617614779154
        }
    },
    "environment": {
        "devices": {
            "CUDA_VISIBLE_DEVICES": "0",
            "torch.version.cuda": "10.2",
            "torch.backends.cudnn.version()": 7605,
            "torch.cuda.nccl.version()": 2708,
            "driver": "450.102.04",
            "0": {
                "name": "GeForce GTX 1080 Ti",
                "total_memory": 11720130560
            }
        }
    },
    "batch_size": 2048,
    "epoch_size": 12,
    "best_epoch": 46,
    "metrics": {
        "train": {
            "0": {
                "precision": 0.9285121910764638,
                "recall": 0.8492541087231352,
                "f1-score": 0.887116369975173,
                "support": 19775
            },
            "1": {
                "precision": 0.6255495540761211,
                "recall": 0.7938785270205643,
                "f1-score": 0.6997330335815654,
                "support": 6273
            },
            "accuracy": 0.8359183046683046,
            "macro avg": {
                "precision": 0.7770308725762924,
                "recall": 0.8215663178718497,
                "f1-score": 0.7934247017783691,
                "support": 26048
            },
            "weighted avg": {
                "precision": 0.8555513256778478,
                "recall": 0.8359183046683046,
                "f1-score": 0.8419898470483801,
                "support": 26048
            },
            "roc_auc": 0.82156631787185,
            "score": 0.82156631787185
        },
        "val": {
            "0": {
                "precision": 0.914543057996485,
                "recall": 0.8418604651162791,
                "f1-score": 0.8766979046014531,
                "support": 4945
            },
            "1": {
                "precision": 0.6012238653748088,
                "recall": 0.7519132653061225,
                "f1-score": 0.6681779540946443,
                "support": 1568
            },
            "accuracy": 0.820205742361431,
            "macro avg": {
                "precision": 0.7578834616856469,
                "recall": 0.7968868652112008,
                "f1-score": 0.7724379293480488,
                "support": 6513
            },
            "weighted avg": {
                "precision": 0.8391116908798278,
                "recall": 0.820205742361431,
                "f1-score": 0.8264968785927511,
                "support": 6513
            },
            "roc_auc": 0.7968868652112008,
            "score": 0.7968868652112008
        },
        "test": {
            "0": {
                "precision": 0.9139401322659241,
                "recall": 0.8446320868516285,
                "f1-score": 0.8779203410373219,
                "support": 12435
            },
            "1": {
                "precision": 0.5965754854875757,
                "recall": 0.7428497139885596,
                "f1-score": 0.6617255356108859,
                "support": 3846
            },
            "accuracy": 0.8205884159449666,
            "macro avg": {
                "precision": 0.7552578088767499,
                "recall": 0.793740900420094,
                "f1-score": 0.7698229383241039,
                "support": 16281
            },
            "weighted avg": {
                "precision": 0.8389702636147646,
                "recall": 0.8205884159449666,
                "f1-score": 0.8268494472549944,
                "support": 16281
            },
            "roc_auc": 0.7937409004200939,
            "score": 0.7937409004200939
        }
    }
}
