{
    "program": "bin/ensemble.py",
    "config": {
        "seeds": [
            0,
            1,
            2,
            3,
            4
        ]
    },
    "single_model_program": "bin/train1___497ed7792d584429b4462f736e71d0cd.py",
    "data": "data/eye",
    "prediction_type": "probs",
    "metrics": {
        "train": {
            "0": {
                "precision": 1.0,
                "recall": 1.0,
                "f1-score": 1.0,
                "support": 2434
            },
            "1": {
                "precision": 1.0,
                "recall": 1.0,
                "f1-score": 1.0,
                "support": 2727
            },
            "2": {
                "precision": 1.0,
                "recall": 1.0,
                "f1-score": 1.0,
                "support": 1837
            },
            "accuracy": 1.0,
            "macro avg": {
                "precision": 1.0,
                "recall": 1.0,
                "f1-score": 1.0,
                "support": 6998
            },
            "weighted avg": {
                "precision": 1.0,
                "recall": 1.0,
                "f1-score": 1.0,
                "support": 6998
            },
            "score": 1.0
        },
        "val": {
            "0": {
                "precision": 0.8456486042692939,
                "recall": 0.8456486042692939,
                "f1-score": 0.8456486042692939,
                "support": 609
            },
            "1": {
                "precision": 0.8645833333333334,
                "recall": 0.8519061583577713,
                "f1-score": 0.8581979320531757,
                "support": 682
            },
            "2": {
                "precision": 0.8997867803837953,
                "recall": 0.9193899782135077,
                "f1-score": 0.9094827586206897,
                "support": 459
            },
            "accuracy": 0.8674285714285714,
            "macro avg": {
                "precision": 0.8700062393288075,
                "recall": 0.8723149136135243,
                "f1-score": 0.871109764981053,
                "support": 1750
            },
            "weighted avg": {
                "precision": 0.8672274088739975,
                "recall": 0.8674285714285714,
                "f1-score": 0.8672820433526642,
                "support": 1750
            },
            "score": 0.8674285714285714
        },
        "test": {
            "0": {
                "precision": 0.8265582655826558,
                "recall": 0.8015768725361366,
                "f1-score": 0.8138759172781854,
                "support": 761
            },
            "1": {
                "precision": 0.834916864608076,
                "recall": 0.8241500586166471,
                "f1-score": 0.8294985250737464,
                "support": 853
            },
            "2": {
                "precision": 0.8782894736842105,
                "recall": 0.9303135888501742,
                "f1-score": 0.9035532994923857,
                "support": 574
            },
            "accuracy": 0.8441499085923218,
            "macro avg": {
                "precision": 0.8465882012916475,
                "recall": 0.8520135066676526,
                "f1-score": 0.8489759139481059,
                "support": 2188
            },
            "weighted avg": {
                "precision": 0.8433880637631749,
                "recall": 0.8441499085923218,
                "f1-score": 0.8434924172053172,
                "support": 2188
            },
            "score": 0.8441499085923218
        }
    }
}
