{
    "config": {
        "data": {
            "path": "data/jannis"
        },
        "fit": {
            "early_stopping_rounds": 50,
            "verbose": false
        },
        "model": {
            "alpha": 0,
            "booster": "gbtree",
            "colsample_bylevel": 0.7493804882588004,
            "colsample_bytree": 0.8251003541319095,
            "gamma": 0,
            "lambda": 8.554230986483724e-08,
            "learning_rate": 0.01411958036035892,
            "max_depth": 10,
            "min_child_weight": 0.6045775651947137,
            "n_estimators": 2000,
            "n_jobs": -1,
            "subsample": 0.8993776617374062,
            "tree_method": "gpu_hist"
        },
        "seed": 6
    },
    "environment": {
        "devices": {
            "CUDA_VISIBLE_DEVICES": "0",
            "torch.version.cuda": "10.1",
            "torch.backends.cudnn.version()": 7603,
            "torch.cuda.nccl.version()": 2708,
            "driver": "418.67",
            "0": {
                "name": "Tesla V100-PCIE-32GB",
                "total_memory": 34058272768
            }
        }
    },
    "dataset": "jannis",
    "algorithm": "xgboost_",
    "metrics": {
        "train": {
            "0": {
                "precision": 0.9960707269155207,
                "recall": 0.9388888888888889,
                "f1-score": 0.9666348903717827,
                "support": 1080
            },
            "1": {
                "precision": 0.9837960402610331,
                "recall": 0.9654816824966078,
                "f1-score": 0.9745528254855234,
                "support": 18425
            },
            "2": {
                "precision": 0.9418920277470594,
                "recall": 0.9935312831389184,
                "f1-score": 0.9670227589410125,
                "support": 9430
            },
            "3": {
                "precision": 0.9885497738478465,
                "recall": 0.9840587352452034,
                "f1-score": 0.9862991421718096,
                "support": 24653
            },
            "accuracy": 0.9784280062700604,
            "macro avg": {
                "precision": 0.977577142192865,
                "recall": 0.9704901474424047,
                "f1-score": 0.973627404242532,
                "support": 53588
            },
            "weighted avg": {
                "precision": 0.978856419780623,
                "recall": 0.9784280062700604,
                "f1-score": 0.9784720247060473,
                "support": 53588
            },
            "score": 0.9784280062700604
        },
        "val": {
            "0": {
                "precision": 0.6190476190476191,
                "recall": 0.04814814814814815,
                "f1-score": 0.08934707903780068,
                "support": 270
            },
            "1": {
                "precision": 0.6267675761800439,
                "recall": 0.6830909485565444,
                "f1-score": 0.6537183215621106,
                "support": 4607
            },
            "2": {
                "precision": 0.732976653696498,
                "recall": 0.6393720831565549,
                "f1-score": 0.6829820983457965,
                "support": 2357
            },
            "3": {
                "precision": 0.8058730158730159,
                "recall": 0.8236534717715769,
                "f1-score": 0.8146662387676508,
                "support": 6164
            },
            "accuracy": 0.7272727272727273,
            "macro avg": {
                "precision": 0.6961662161992942,
                "recall": 0.5485661629082061,
                "f1-score": 0.5601784344283397,
                "support": 13398
            },
            "weighted avg": {
                "precision": 0.7276972923726104,
                "recall": 0.7272727272727273,
                "f1-score": 0.7215401940843179,
                "support": 13398
            },
            "score": 0.7272727272727273
        },
        "test": {
            "0": {
                "precision": 0.38461538461538464,
                "recall": 0.01483679525222552,
                "f1-score": 0.028571428571428574,
                "support": 337
            },
            "1": {
                "precision": 0.6253762078251227,
                "recall": 0.6856547412295936,
                "f1-score": 0.6541297324165355,
                "support": 5758
            },
            "2": {
                "precision": 0.7212026552128075,
                "recall": 0.6267390566677977,
                "f1-score": 0.6706608569353667,
                "support": 2947
            },
            "3": {
                "precision": 0.805852417302799,
                "recall": 0.8220635950681375,
                "f1-score": 0.8138772887889495,
                "support": 7705
            },
            "accuracy": 0.724547680181525,
            "macro avg": {
                "precision": 0.6342616662390285,
                "recall": 0.5373235470544385,
                "f1-score": 0.5418098266780701,
                "support": 16747
            },
            "weighted avg": {
                "precision": 0.7204280581299726,
                "recall": 0.724547680181525,
                "f1-score": 0.7179476698029715,
                "support": 16747
            },
            "score": 0.724547680181525
        }
    }
}
