{
    "program": "bin/ensemble.py",
    "config": {
        "seeds": [
            10,
            11,
            12,
            13,
            14
        ]
    },
    "single_model_program": "bin/train1___f06b70870f974e52b338eb7751af77b8.py",
    "data": "data/california",
    "prediction_type": null,
    "metrics": {
        "train": {
            "rmse": 0.3674755074740715,
            "score": -0.3674755074740715
        },
        "val": {
            "rmse": 0.4464518356538008,
            "score": -0.4464518356538008
        },
        "test": {
            "rmse": 0.4347211325771819,
            "score": -0.4347211325771819
        }
    }
}
