{
    "program": "bin/ensemble.py",
    "config": {
        "seeds": [
            10,
            11,
            12,
            13,
            14
        ]
    },
    "single_model_program": "bin/train0___05da2e5898f64b068f8e0858c0602189.py",
    "data": "data/california",
    "prediction_type": null,
    "metrics": {
        "train": {
            "rmse": 0.43802158827968274,
            "score": -0.43802158827968274
        },
        "val": {
            "rmse": 0.4780659941918473,
            "score": -0.4780659941918473
        },
        "test": {
            "rmse": 0.4839097191422497,
            "score": -0.4839097191422497
        }
    }
}
