{
    "program": "bin/catboost____d2a715f5c6664481af4400e9573cff9e.py",
    "environment": {},
    "config": {
        "seed": 9,
        "data": {
            "path": "data/otto",
            "T": {
                "seed": 0,
                "normalization": null,
                "num_nan_policy": null,
                "cat_nan_policy": null,
                "cat_min_frequency": null,
                "cat_encoding": null,
                "y_policy": "default"
            },
            "T_cache": false
        },
        "catboost": {
            "iterations": 2000,
            "early_stopping_rounds": 50,
            "od_pval": 0.001,
            "task_type": "CPU",
            "thread_count": 4,
            "bagging_temperature": 0.2764138416972912,
            "depth": 9,
            "l2_leaf_reg": 2.7913967458734286,
            "leaf_estimation_iterations": 2,
            "learning_rate": 0.06606187698158077
        },
        "catboost_fit": {
            "logging_level": "Verbose"
        }
    },
    "prediction_type": "probs",
    "metrics": {
        "train": {
            "0": {
                "precision": 0.9867549668874173,
                "recall": 0.9651821862348178,
                "f1-score": 0.9758493655341793,
                "support": 1235
            },
            "1": {
                "precision": 0.9491115452600242,
                "recall": 0.9887575111455709,
                "f1-score": 0.9685289789718518,
                "support": 10318
            },
            "2": {
                "precision": 0.9712928541924825,
                "recall": 0.9181960171807888,
                "f1-score": 0.9439983942191891,
                "support": 5122
            },
            "3": {
                "precision": 0.9918084436042848,
                "recall": 0.9140534262485482,
                "f1-score": 0.9513448171653067,
                "support": 1722
            },
            "4": {
                "precision": 0.9971526195899773,
                "recall": 0.9988590986879635,
                "f1-score": 0.9980051296665716,
                "support": 1753
            },
            "5": {
                "precision": 0.9961300309597523,
                "recall": 0.9959097943842582,
                "f1-score": 0.9960199004975123,
                "support": 9046
            },
            "6": {
                "precision": 0.982281284606866,
                "recall": 0.9763346175013758,
                "f1-score": 0.9792989235440243,
                "support": 1817
            },
            "7": {
                "precision": 0.9889705882352942,
                "recall": 0.993169651098394,
                "f1-score": 0.9910656719167358,
                "support": 5417
            },
            "8": {
                "precision": 0.9883243925528558,
                "recall": 0.9877010406811731,
                "f1-score": 0.9880126182965299,
                "support": 3171
            },
            "accuracy": 0.9776773313805207,
            "macro avg": {
                "precision": 0.9835363028765504,
                "recall": 0.97090703812921,
                "f1-score": 0.9769026444235445,
                "support": 39601
            },
            "weighted avg": {
                "precision": 0.9779921635501349,
                "recall": 0.9776773313805207,
                "f1-score": 0.9775588352691186,
                "support": 39601
            },
            "score": 0.9776773313805207
        },
        "val": {
            "0": {
                "precision": 0.7095238095238096,
                "recall": 0.4837662337662338,
                "f1-score": 0.5752895752895754,
                "support": 308
            },
            "1": {
                "precision": 0.755746140651801,
                "recall": 0.853875968992248,
                "f1-score": 0.8018198362147406,
                "support": 2580
            },
            "2": {
                "precision": 0.643979057591623,
                "recall": 0.5761124121779859,
                "f1-score": 0.6081582200247218,
                "support": 1281
            },
            "3": {
                "precision": 0.8122866894197952,
                "recall": 0.5522041763341067,
                "f1-score": 0.6574585635359116,
                "support": 431
            },
            "4": {
                "precision": 0.9813519813519813,
                "recall": 0.9611872146118722,
                "f1-score": 0.9711649365628604,
                "support": 438
            },
            "5": {
                "precision": 0.9448643841707426,
                "recall": 0.9394341290893015,
                "f1-score": 0.9421414320549767,
                "support": 2262
            },
            "6": {
                "precision": 0.7448275862068966,
                "recall": 0.7136563876651982,
                "f1-score": 0.7289088863892015,
                "support": 454
            },
            "7": {
                "precision": 0.899644128113879,
                "recall": 0.9335302806499262,
                "f1-score": 0.9162740123233055,
                "support": 1354
            },
            "8": {
                "precision": 0.8534798534798534,
                "recall": 0.8814627994955864,
                "f1-score": 0.8672456575682382,
                "support": 793
            },
            "accuracy": 0.8242601757398242,
            "macro avg": {
                "precision": 0.8161892922789312,
                "recall": 0.7661366225313843,
                "f1-score": 0.7853845688848369,
                "support": 9901
            },
            "weighted avg": {
                "precision": 0.8225013548499965,
                "recall": 0.8242601757398242,
                "f1-score": 0.820531189015233,
                "support": 9901
            },
            "score": 0.8242601757398242
        },
        "test": {
            "0": {
                "precision": 0.753968253968254,
                "recall": 0.49222797927461137,
                "f1-score": 0.5956112852664577,
                "support": 386
            },
            "1": {
                "precision": 0.7609539656128674,
                "recall": 0.8511166253101737,
                "f1-score": 0.8035139092240117,
                "support": 3224
            },
            "2": {
                "precision": 0.6225352112676056,
                "recall": 0.5521549031855091,
                "f1-score": 0.5852366765971533,
                "support": 1601
            },
            "3": {
                "precision": 0.7752525252525253,
                "recall": 0.570631970260223,
                "f1-score": 0.6573875802997858,
                "support": 538
            },
            "4": {
                "precision": 0.977859778597786,
                "recall": 0.9671532846715328,
                "f1-score": 0.9724770642201834,
                "support": 548
            },
            "5": {
                "precision": 0.9470504619758351,
                "recall": 0.942695436858861,
                "f1-score": 0.9448679312178693,
                "support": 2827
            },
            "6": {
                "precision": 0.7518939393939394,
                "recall": 0.698943661971831,
                "f1-score": 0.7244525547445256,
                "support": 568
            },
            "7": {
                "precision": 0.9009060022650056,
                "recall": 0.9397519196692262,
                "f1-score": 0.9199190517490604,
                "support": 1693
            },
            "8": {
                "precision": 0.8460076045627376,
                "recall": 0.8980827447023209,
                "f1-score": 0.8712677435144395,
                "support": 991
            },
            "accuracy": 0.8240142210730446,
            "macro avg": {
                "precision": 0.8151586380996173,
                "recall": 0.7680842806560322,