{
    "dataset": "microsoft",
    "algorithm": "xgboost_",
    "config": {
        "source": "output/microsoft/xgboost/default",
        "seeds": [
            10,
            11,
            12,
            13,
            14
        ],
        "count": 5
    },
    "metrics": {
        "train": {
            "rmse": 0.5243773402331291,
            "score": -0.5243773402331291
        },
        "val": {
            "rmse": 0.7692642356139071,
            "score": -0.7692642356139071
        },
        "test": {
            "rmse": 0.7718525611636085,
            "score": -0.7718525611636085
        }
    }
}
