{
    "config": {
        "data": {
            "cat_policy": "ohe",
            "path": "data/adult"
        },
        "fit": {
            "early_stopping_rounds": 50,
            "verbose": false
        },
        "model": {
            "alpha": 2.1416012244488e-05,
            "booster": "gbtree",
            "colsample_bylevel": 0.6484087424529894,
            "colsample_bytree": 0.5885979303691824,
            "gamma": 0.004854315524317224,
            "lambda": 0,
            "learning_rate": 0.083548963959472,
            "max_depth": 5,
            "min_child_weight": 1.503859054796124,
            "n_estimators": 2000,
            "n_jobs": -1,
            "subsample": 0.6730675278498084,
            "tree_method": "gpu_hist"
        },
        "seed": 9
    },
    "environment": {
        "devices": {
            "CUDA_VISIBLE_DEVICES": "0",
            "torch.version.cuda": "10.1",
            "torch.backends.cudnn.version()": 7603,
            "torch.cuda.nccl.version()": 2708,
            "driver": "450.102.04",
            "0": {
                "name": "GeForce GTX 1080 Ti",
                "total_memory": 11720130560
            }
        }
    },
    "dataset": "adult",
    "algorithm": "xgboost_",
    "metrics": {
        "train": {
            "0": {
                "precision": 0.9064265366230505,
                "recall": 0.9493299620733249,
                "f1-score": 0.927382304994319,
                "support": 19775
            },
            "1": {
                "precision": 0.8122540753232153,
                "recall": 0.6910569105691057,
                "f1-score": 0.7467700258397932,
                "support": 6273
            },
            "accuracy": 0.8871314496314496,
            "macro avg": {
                "precision": 0.8593403059731328,
                "recall": 0.8201934363212153,
                "f1-score": 0.8370761654170561,
                "support": 26048
            },
            "weighted avg": {
                "precision": 0.8837474883378131,
                "recall": 0.8871314496314496,
                "f1-score": 0.8838864194316524,
                "support": 26048
            },
            "roc_auc": 0.8201934363212152,
            "score": 0.8201934363212152
        },
        "val": {
            "0": {
                "precision": 0.8940410040237593,
                "recall": 0.9435793731041456,
                "f1-score": 0.918142463597009,
                "support": 4945
            },
            "1": {
                "precision": 0.7843894899536321,
                "recall": 0.6473214285714286,
                "f1-score": 0.7092941998602376,
                "support": 1568
            },
            "accuracy": 0.872255489021956,
            "macro avg": {
                "precision": 0.8392152469886958,
                "recall": 0.7954504008377872,
                "f1-score": 0.8137183317286233,
                "support": 6513
            },
            "weighted avg": {
                "precision": 0.8676424819813887,
                "recall": 0.872255489021956,
                "f1-score": 0.8678623964176357,
                "support": 6513
            },
            "roc_auc": 0.7954504008377872,
            "score": 0.7954504008377872
        },
        "test": {
            "0": {
                "precision": 0.8976305498044629,
                "recall": 0.9413751507840772,
                "f1-score": 0.9189825718323128,
                "support": 12435
            },
            "1": {
                "precision": 0.775,
                "recall": 0.6528861154446178,
                "f1-score": 0.7087214225232854,
                "support": 3846
            },
            "accuracy": 0.8732264602911369,
            "macro avg": {
                "precision": 0.8363152749022315,
                "recall": 0.7971306331143475,
                "f1-score": 0.8138519971777991,
                "support": 16281
            },
            "weighted avg": {
                "precision": 0.8686619916969778,
                "recall": 0.8732264602911369,
                "f1-score": 0.8693133635378272,
                "support": 16281
            },
            "roc_auc": 0.7971306331143476,
            "score": 0.7971306331143476
        }
    }
}
