{
    "dataset": "higgs_small",
    "algorithm": "ft_transformer",
    "config": {
        "data": {
            "normalization": "quantile",
            "path": "data/higgs_small"
        },
        "model": {
            "activation": "reglu",
            "attention_dropout": 0.2285776112227358,
            "d_ffn_factor": 2.44721762662163,
            "d_token": 264,
            "ffn_dropout": 0.3224216086083693,
            "initialization": "kaiming",
            "n_heads": 8,
            "n_layers": 2,
            "prenormalization": true,
            "residual_dropout": 0.0
        },
        "seed": 9,
        "training": {
            "batch_size": 512,
            "eval_batch_size": 8192,
            "lr": 2.520396383745548e-05,
            "n_epochs": 1000000000,
            "optimizer": "adamw",
            "patience": 16,
            "weight_decay": 1.871343748594096e-05
        }
    },
    "environment": {
        "devices": {
            "CUDA_VISIBLE_DEVICES": "0",
            "torch.version.cuda": "10.1",
            "torch.backends.cudnn.version()": 7603,
            "torch.cuda.nccl.version()": 2708,
            "driver": "450.80.02",
            "0": {
                "name": "Tesla V100-PCIE-32GB",
                "total_memory": 34089730048
            }
        }
    },
    "epoch_size": 123,
    "n_parameters": 1603481,
    "best_epoch": 61,
    "metrics": {
        "train": {
            "0": {
                "precision": 0.7393714092598851,
                "recall": 0.7395713609627477,
                "f1-score": 0.7394713715946732,
                "support": 29582
            },
            "1": {
                "precision": 0.7676859055545504,
                "recall": 0.7675007536930961,
                "f1-score": 0.7675933184586624,
                "support": 33170
            },
            "accuracy": 0.7543345232024478,
            "macro avg": {
                "precision": 0.7535286574072178,
                "recall": 0.753536057327922,
                "f1-score": 0.7535323450266678,
                "support": 62752
            },
            "weighted avg": {
                "precision": 0.7543381329036581,
                "recall": 0.7543345232024478,
                "f1-score": 0.7543363157793768,
                "support": 62752
            },
            "roc_auc": 0.838197430067054,
            "pr_auc": 0.8532607068542345,
            "score": 0.7543345232024478
        },
        "val": {
            "0": {
                "precision": 0.7256625017163257,
                "recall": 0.7145754461871282,
                "f1-score": 0.720076299475441,
                "support": 7396
            },
            "1": {
                "precision": 0.74883997620464,
                "recall": 0.7590448625180898,
                "f1-score": 0.753907887644487,
                "support": 8292
            },
            "accuracy": 0.7380800611932687,
            "macro avg": {
                "precision": 0.7372512389604828,
                "recall": 0.736810154352609,
                "f1-score": 0.7369920935599641,
                "support": 15688
            },
            "weighted avg": {
                "precision": 0.7379131148255239,
                "recall": 0.7380800611932687,
                "f1-score": 0.7379582174444448,
                "support": 15688
            },
            "roc_auc": 0.8163584483418502,
            "pr_auc": 0.8313832537038772,
            "score": 0.7380800611932687
        },
        "test": {
            "0": {
                "precision": 0.7127509495387955,
                "recall": 0.7104380746349378,
                "f1-score": 0.7115926327193933,
                "support": 9245
            },
            "1": {
                "precision": 0.7424723424723425,
                "recall": 0.7446213217559093,
                "f1-score": 0.7435452793834297,
                "support": 10365
            },
            "accuracy": 0.7285058643549209,
            "macro avg": {
                "precision": 0.727611646005569,
                "recall": 0.7275296981954236,
                "f1-score": 0.7275689560514116,
                "support": 19610
            },
            "weighted avg": {
                "precision": 0.7284603956252929,
                "recall": 0.7285058643549209,
                "f1-score": 0.7284814232687424,
                "support": 19610
            },
            "roc_auc": 0.8095012936419916,
            "pr_auc": 0.8252941241710212,
            "score": 0.7285058643549209
        }
    },
    "time": "0:03:53"
}
