{
    "dataset": "jannis",
    "algorithm": "ft_transformer",
    "config": {
        "data": {
            "normalization": "quantile",
            "path": "data/jannis"
        },
        "model": {
            "activation": "reglu",
            "attention_dropout": 0.0996396666653143,
            "d_ffn_factor": 2.373331606275802,
            "d_token": 344,
            "ffn_dropout": 0.4139876834686211,
            "initialization": "kaiming",
            "n_heads": 8,
            "n_layers": 1,
            "prenormalization": true,
            "residual_dropout": 0.1302411059958489,
            "token_bias": false,
            "token_cat_bias": false
        },
        "seed": 9,
        "training": {
            "batch_size": 512,
            "eval_batch_size": 8192,
            "lr": 3.590826817474381e-05,
            "n_epochs": 1000000000,
            "optimizer": "adamw",
            "patience": 16,
            "weight_decay": 1.456180042807087e-05
        }
    },
    "environment": {
        "devices": {
            "CUDA_VISIBLE_DEVICES": "0",
            "torch.version.cuda": "10.1",
            "torch.backends.cudnn.version()": 7603,
            "torch.cuda.nccl.version()": 2708,
            "driver": "450.80.02",
            "0": {
                "name": "Tesla V100-PCIE-32GB",
                "total_memory": 34089730048
            }
        }
    },
    "epoch_size": 105,
    "n_parameters": 1340484,
    "best_epoch": 124,
    "metrics": {
        "train": {
            "0": {
                "precision": 0.49466192170818507,
                "recall": 0.1287037037037037,
                "f1-score": 0.20426157237325496,
                "support": 1080
            },
            "1": {
                "precision": 0.6567438067081252,
                "recall": 0.6992672998643148,
                "f1-score": 0.6773388008306391,
                "support": 18425
            },
            "2": {
                "precision": 0.7357266936884771,
                "recall": 0.6737009544008483,
                "f1-score": 0.7033490174370329,
                "support": 9430
            },
            "3": {
                "precision": 0.8155983076554641,
                "recall": 0.8288646412201355,
                "f1-score": 0.8221779628623734,
                "support": 24653
            },
            "accuracy": 0.7428901992983504,
            "macro avg": {
                "precision": 0.6756826824400629,
                "recall": 0.5826341497972506,
                "f1-score": 0.6017818383758251,
                "support": 53588
            },
            "weighted avg": {
                "precision": 0.7404565819615314,
                "recall": 0.7428901992983504,
                "f1-score": 0.7390144147261505,
                "support": 53588
            },
            "score": 0.7428901992983504
        },
        "val": {
            "0": {
                "precision": 0.5,
                "recall": 0.1,
                "f1-score": 0.16666666666666669,
                "support": 270
            },
            "1": {
                "precision": 0.6347700556815838,
                "recall": 0.668113739960929,
                "f1-score": 0.651015228426396,
                "support": 4607
            },
            "2": {
                "precision": 0.7131782945736435,
                "recall": 0.663555366991939,
                "f1-score": 0.6874725274725275,
                "support": 2357
            },
            "3": {
                "precision": 0.805775944144716,
                "recall": 0.8238157040882543,
                "f1-score": 0.814695973046687,
                "support": 6164
            },
            "accuracy": 0.7274966412897448,
            "macro avg": {
                "precision": 0.6634310735999858,
                "recall": 0.5638712027602806,
                "f1-score": 0.5799625989030692,
                "support": 13398
            },
            "weighted avg": {
                "precision": 0.7245223023244637,
                "recall": 0.7274966412897448,
                "f1-score": 0.7229725244419266,
                "support": 13398
            },
            "score": 0.7274966412897448
        },
        "test": {
            "0": {
                "precision": 0.35714285714285715,
                "recall": 0.08902077151335312,
                "f1-score": 0.14251781472684086,
                "support": 337
            },
            "1": {
                "precision": 0.6327841845140033,
                "recall": 0.6670718999652657,
                "f1-score": 0.6494758200879269,
                "support": 5758
            },
            "2": {
                "precision": 0.7126479289940828,
                "recall": 0.6538853070919579,
                "f1-score": 0.6820031852769421,
                "support": 2947
            },
            "3": {
                "precision": 0.8011154772467993,
                "recall": 0.8202465931213497,
                "f1-score": 0.8105681672438116,
                "support": 7705
            },
            "accuracy": 0.7235922851854063,
            "macro avg": {
                "precision": 0.6259226119744357,
                "recall": 0.5575561429229816,
                "f1-score": 0.5711412468338803,
                "support": 16747
            },
            "weighted avg": {
                "precision": 0.7187374858912596,
                "recall": 0.7235922851854063,
                "f1-score": 0.7191139542159161,
                "support": 16747
            },
            "score": 0.7235922851854063
        }
    },
    "time": "0:04:27"
}
