{
    "dataset": "covtype",
    "algorithm": "node",
    "config": {
        "data": {
            "normalization": "quantile",
            "path": "data/covtype"
        },
        "model": {
            "bin_function": "entmoid15",
            "choice_function": "entmax15",
            "depth": 8,
            "layer_dim": 512,
            "num_layers": 2,
            "tree_dim": 7
        },
        "seed": 0,
        "training": {
            "eval_batch_size": 512,
            "lr": 0.001,
            "lr_n_decays": 0,
            "n_epochs": 1000000000,
            "optimizer": "adam",
            "patience": 16,
            "weight_decay": 0.0
        }
    },
    "environment": {
        "devices": {
            "CUDA_VISIBLE_DEVICES": "0,1,2,3",
            "torch.version.cuda": "10.1",
            "torch.backends.cudnn.version()": 7603,
            "torch.cuda.nccl.version()": 2708,
            "driver": "450.80.02",
            "0": {
                "name": "Tesla V100-PCIE-32GB",
                "total_memory": 34089730048
            },
            "1": {
                "name": "Tesla V100-PCIE-32GB",
                "total_memory": 34089730048
            },
            "2": {
                "name": "Tesla V100-PCIE-32GB",
                "total_memory": 34089730048
            },
            "3": {
                "name": "Tesla V100-PCIE-32GB",
                "total_memory": 34089730048
            }
        }
    },
    "batch_size": 1024,
    "epoch_size": 364,
    "chunk_sizes": {},
    "eval_batch_sizes": {},
    "n_parameters": 16973824,
    "best_epoch_0": 301,
    "metrics_0": {
        "val": {
            "0": {
                "precision": 0.9605912786400591,
                "recall": 0.958635746739836,
                "f1-score": 0.9596125164281812,
                "support": 33894
            },
            "1": {
                "precision": 0.9652365236523652,
                "recall": 0.9678344511118955,
                "f1-score": 0.9665337416554671,
                "support": 45328
            },
            "2": {
                "precision": 0.9547668754349339,
                "recall": 0.9592728543960846,
                "f1-score": 0.957014560990496,
                "support": 5721
            },
            "3": {
                "precision": 0.903755868544601,
                "recall": 0.876993166287016,
                "f1-score": 0.8901734104046244,
                "support": 439
            },
            "4": {
                "precision": 0.9017182130584193,
                "recall": 0.8637261356155366,
                "f1-score": 0.88231338264963,
                "support": 1519
            },
            "5": {
                "precision": 0.928443006112909,
                "recall": 0.9291111910759265,
                "f1-score": 0.9287769784172663,
                "support": 2779
            },
            "6": {
                "precision": 0.9664327128471163,
                "recall": 0.9649603900060938,
                "f1-score": 0.9656959902424149,
                "support": 3282
            },
            "accuracy": 0.9605645317441536,
            "macro avg": {
                "precision": 0.9401349254700577,
                "recall": 0.9315048478903413,
                "f1-score": 0.9357315115411543,
                "support": 92962
            },
            "weighted avg": {
                "precision": 0.9605126536238751,
                "recall": 0.9605645317441536,
                "f1-score": 0.9605293990599603,
                "support": 92962
            },
            "score": 0.9605645317441536
        },
        "test": {
            "0": {
                "precision": 0.9604000284380406,
                "recall": 0.9565237915407855,
                "f1-score": 0.9584579908945781,
                "support": 42368
            },
            "1": {
                "precision": 0.962568723542534,
                "recall": 0.9671555390833201,
                "f1-score": 0.9648566800478906,
                "support": 56661
            },
            "2": {
                "precision": 0.9557657532341076,
                "recall": 0.9608446371136904,
                "f1-score": 0.9582984658298466,
                "support": 7151
            },
            "3": {
                "precision": 0.9056603773584906,
                "recall": 0.8743169398907104,
                "f1-score": 0.8897126969416126,
                "support": 549
            },
            "4": {
                "precision": 0.9035734543391946,
                "recall": 0.8388625592417062,
                "f1-score": 0.87001638448935,
                "support": 1899
            },
            "5": {
                "precision": 0.9256292906178489,
                "recall": 0.9317592859199539,
                "f1-score": 0.9286841727651026,
                "support": 3473
            },
            "6": {
                "precision": 0.9641200878691726,
                "recall": 0.9629449049244271,
                "f1-score": 0.9635321380656177,
                "support": 4102
            },
            "accuracy": 0.9591490753250776,
            "macro avg": {
                "precision": 0.9396739593427698,
                "recall": 0.927486808244942,
                "f1-score": 0.9333655041477139,
                "support": 116203
            },
            "weighted avg": {
                "precision": 0.9590771358278064,
                "recall": 0.9591490753250776,
                "f1-score": 0.959087348714653,
                "support": 116203
            },
            "score": 0.9591490753250776
        }
    },
    "time_0": "9:41:23",
    "metrics": {
        "train": {
            "0": {
                "precision": 0.9861171655079167,
                "recall": 0.9844370030535927,
                "f1-score": 0.9852763679985235,
                "support": 135578
            },
            "1": {
                "precision": 0.9871818166801566,
                "recall": 0.9888424373455701,
                "f1-score": 0.988011429232715,
                "support": 181312
            },
            "2": {
                "precision": 0.9905178064234215,
                "recall": 0.9906476706581593,
                "f1-score": 0.9905827342845281,
                "support": 22882
            },
            "3": {
                "precision": 0.9856239217941346,
                "recall": 0.9744172825469016,
                "f1-score": 0.9799885648942253,
                "support": 1759
            },
            "4": {
                "precision": 0.966851758371193,
                "recall": 0.945843621399177,
                "f1-score": 0.9562323181893825,
                "support": 6075
            },
            "5": {
                "precision": 0.981101656963726,
                "recall": 0.985515069725596,
                "f1-score": 0.9833034111310592,
                "support": 11115
            },
            "6": {
                "precision": 0.9873773857501331,
                "recall": 0.9892579612981868,
                "f1-score": 0.988316778932146,
                "support": 13126
            },
            "accuracy": 0.9864917560179322,
            "macro avg": {
                "precision": 0.9835387873558117,
                "recall": 0.9798515780038836,
                "f1-score": 0.9816730863803684,
                "support": 371847
            },
            "weighted avg": {
                "precision": 0.9864845714790614,
                "recall": 0.9864917560179322,
                "f1-score": 0.986485346061899,
                "support": 371847
            },
            "score": 0.9864917560179322
        },
        "val": {
            "0": {
                "precision": 0.9605912786400591,
                "recall": 0.958635746739836,
                "f1-score": 0.9596125164281812,
                "support": 33894
            },