{
    "dataset": "year",
    "algorithm": "ft_transformer",
    "config": {
        "source": "output/year/ft_transformer/default_2",
        "seeds": [
            0,
            1,
            2,
            3,
            4
        ],
        "count": 5
    },
    "metrics": {
        "train": {
            "rmse": 7.639424644784391,
            "score": -7.639424644784391
        },
        "val": {
            "rmse": 8.417582864321554,
            "score": -8.417582864321554
        },
        "test": {
            "rmse": 8.74591167621668,
            "score": -8.74591167621668
        }
    }
}
