{
    "config": {
        "data": {
            "path": "data/jannis"
        },
        "fit": {
            "logging_level": "Verbose"
        },
        "model": {
            "iterations": 2000,
            "task_type": "CPU",
            "thread_count": 10
        },
        "seed": 2
    },
    "environment": {
        "devices": {
            "CUDA_VISIBLE_DEVICES": null,
            "torch.version.cuda": "10.1",
            "torch.backends.cudnn.version()": 7603,
            "torch.cuda.nccl.version()": 2708,
            "driver": "450.102.04"
        }
    },
    "dataset": "jannis",
    "algorithm": "catboost_",
    "metrics": {
        "train": {
            "0": {
                "precision": 0.9419191919191919,
                "recall": 0.3453703703703704,
                "f1-score": 0.505420054200542,
                "support": 1080
            },
            "1": {
                "precision": 0.7546344511560091,
                "recall": 0.7865400271370421,
                "f1-score": 0.7702569826463632,
                "support": 18425
            },
            "2": {
                "precision": 0.8075261482492042,
                "recall": 0.7532343584305409,
                "f1-score": 0.7794359705914627,
                "support": 9430
            },
            "3": {
                "precision": 0.8580898697999365,
                "recall": 0.8768506875430983,
                "f1-score": 0.8673688434145853,
                "support": 24653
            },
            "accuracy": 0.8133350750167948,
            "macro avg": {
                "precision": 0.8405424152810854,
                "recall": 0.6904988608702629,
                "f1-score": 0.7306204627132383,
                "support": 53588
            },
            "weighted avg": {
                "precision": 0.8153107715904685,
                "recall": 0.8133350750167948,
                "f1-score": 0.8112107909079102,
                "support": 53588
            },
            "score": 0.8133350750167948
        },
        "val": {
            "0": {
                "precision": 0.5384615384615384,
                "recall": 0.05185185185185185,
                "f1-score": 0.0945945945945946,
                "support": 270
            },
            "1": {
                "precision": 0.6277207392197125,
                "recall": 0.6635554590840026,
                "f1-score": 0.6451408673630895,
                "support": 4607
            },
            "2": {
                "precision": 0.7080831408775982,
                "recall": 0.6504030547305897,
                "f1-score": 0.6780185758513931,
                "support": 2357
            },
            "3": {
                "precision": 0.80306138551365,
                "recall": 0.8256002595717067,
                "f1-score": 0.8141748660107191,
                "support": 6164
            },
            "accuracy": 0.7234661889834304,
            "macro avg": {
                "precision": 0.6693317010181248,
                "recall": 0.5478526563095376,
                "f1-score": 0.5579822259549491,
                "support": 13398
            },
            "weighted avg": {
                "precision": 0.7207281985613128,
                "recall": 0.7234661889834304,
                "f1-score": 0.7175972662975145,
                "support": 13398
            },
            "score": 0.7234661889834304
        },
        "test": {
            "0": {
                "precision": 0.5,
                "recall": 0.03857566765578635,
                "f1-score": 0.07162534435261708,
                "support": 337
            },
            "1": {
                "precision": 0.6303701255783212,
                "recall": 0.6625564432094477,
                "f1-score": 0.6460626587637596,
                "support": 5758
            },
            "2": {
                "precision": 0.6982726938625505,
                "recall": 0.6447234475738038,
                "f1-score": 0.6704304869442483,
                "support": 2947
            },
            "3": {
                "precision": 0.7989431303472572,
                "recall": 0.8241401687216093,
                "f1-score": 0.8113460678464193,
                "support": 7705
            },
            "accuracy": 0.7212037976951096,
            "macro avg": {
                "precision": 0.6568964874470322,
                "recall": 0.5424989317901618,
                "f1-score": 0.549866139476761,
                "support": 16747
            },
            "weighted avg": {
                "precision": 0.7172530979410358,
                "recall": 0.7212037976951096,
                "f1-score": 0.7148352915740085,
                "support": 16747
            },
            "score": 0.7212037976951096
        }
    }
}
