{
    "program": "bin/catboost____ad9689e4e9944df0aa4716846cce46a0.py",
    "environment": {},
    "config": {
        "seed": 13,
        "data": {
            "path": "data/santander",
            "T": {
                "seed": 0,
                "normalization": null,
                "num_nan_policy": null,
                "cat_nan_policy": null,
                "cat_min_frequency": null,
                "cat_encoding": null,
                "y_policy": "default"
            },
            "T_cache": false
        },
        "catboost": {
            "iterations": 2000,
            "early_stopping_rounds": 50,
            "od_pval": 0.001,
            "task_type": "CPU",
            "thread_count": 4,
            "bagging_temperature": 0.005925406827771457,
            "depth": 3,
            "l2_leaf_reg": 7.9128702747428425,
            "leaf_estimation_iterations": 1,
            "learning_rate": 0.22595290272446578
        },
        "catboost_fit": {
            "logging_level": "Verbose"
        }
    },
    "prediction_type": "probs",
    "metrics": {
        "train": {
            "0": {
                "precision": 0.9415033514993115,
                "recall": 0.9918011429762545,
                "f1-score": 0.965997961315755,
                "support": 115138
            },
            "1": {
                "precision": 0.8593354194605871,
                "recall": 0.44837505831130464,
                "f1-score": 0.5892811526081847,
                "support": 12862
            },
            "accuracy": 0.9371953125,
            "macro avg": {
                "precision": 0.9004193854799494,
                "recall": 0.7200881006437796,
                "f1-score": 0.7776395569619698,
                "support": 128000
            },
            "weighted avg": {
                "precision": 0.9332467582033578,
                "recall": 0.9371953125,
                "f1-score": 0.9281438082407802,
                "support": 128000
            },
            "roc_auc": 0.9352732917722777,
            "score": 0.9371953125
        },
        "val": {
            "0": {
                "precision": 0.9323169930345643,
                "recall": 0.9858254585881046,
                "f1-score": 0.9583248902397838,
                "support": 28784
            },
            "1": {
                "precision": 0.7391304347826086,
                "recall": 0.35945273631840796,
                "f1-score": 0.4836820083682009,
                "support": 3216
            },
            "accuracy": 0.922875,
            "macro avg": {
                "precision": 0.8357237139085865,
                "recall": 0.6726390974532562,
                "f1-score": 0.7210034493039924,
                "support": 32000
            },
            "weighted avg": {
                "precision": 0.9129017439302427,
                "recall": 0.922875,
                "f1-score": 0.9106232806116897,
                "support": 32000
            },
            "roc_auc": 0.8996477818833847,
            "score": 0.922875
        },
        "test": {
            "0": {
                "precision": 0.9321793491108717,
                "recall": 0.9863535297387438,
                "f1-score": 0.9585015732400642,
                "support": 35980
            },
            "1": {
                "precision": 0.7454639709694142,
                "recall": 0.35771144278606964,
                "f1-score": 0.4834425953941839,
                "support": 4020
            },
            "accuracy": 0.923175,
            "macro avg": {
                "precision": 0.838821660040143,
                "recall": 0.6720324862624067,
                "f1-score": 0.7209720843171241,
                "support": 40000
            },
            "weighted avg": {
                "precision": 0.9134144536076552,
                "recall": 0.923175,
                "f1-score": 0.9107581459665532,
                "support": 40000
            },
            "roc_auc": 0.8941889842062616,
            "score": 0.923175
        }
    },
    "time": "0:00:44"
}
