{
    "program": "bin/ensemble.py",
    "config": {
        "seeds": [
            5,
            6,
            7,
            8,
            9
        ]
    },
    "single_model_program": "bin/train1___e666a5e03e0d409f8d1a0f038ff13554.py",
    "data": "data/eye",
    "prediction_type": "probs",
    "metrics": {
        "train": {
            "0": {
                "precision": 0.9286277602523659,
                "recall": 0.9675431388660641,
                "f1-score": 0.9476861167002012,
                "support": 2434
            },
            "1": {
                "precision": 0.9644208932626798,
                "recall": 0.9343601026769344,
                "f1-score": 0.9491525423728814,
                "support": 2727
            },
            "2": {
                "precision": 0.9950549450549451,
                "recall": 0.9858464888405009,
                "f1-score": 0.9904293136450641,
                "support": 1837
            },
            "accuracy": 0.9594169762789369,
            "macro avg": {
                "precision": 0.9627011995233303,
                "recall": 0.9625832434611664,
                "f1-score": 0.9624226575727155,
                "support": 6998
            },
            "weighted avg": {
                "precision": 0.9600131006641212,
                "recall": 0.9594169762789369,
                "f1-score": 0.959477799409134,
                "support": 6998
            },
            "score": 0.9594169762789369
        },
        "val": {
            "0": {
                "precision": 0.6482649842271293,
                "recall": 0.6748768472906403,
                "f1-score": 0.66130329847144,
                "support": 609
            },
            "1": {
                "precision": 0.6523668639053254,
                "recall": 0.6466275659824047,
                "f1-score": 0.6494845360824743,
                "support": 682
            },
            "2": {
                "precision": 0.759090909090909,
                "recall": 0.7276688453159041,
                "f1-score": 0.7430478309232481,
                "support": 459
            },
            "accuracy": 0.6777142857142857,
            "macro avg": {
                "precision": 0.6865742524077879,
                "recall": 0.683057752862983,
                "f1-score": 0.6846118884923875,
                "support": 1750
            },
            "weighted avg": {
                "precision": 0.6789316022002748,
                "recall": 0.6777142857142857,
                "f1-score": 0.6781377810120716,
                "support": 1750
            },
            "score": 0.6777142857142857
        },
        "test": {
            "0": {
                "precision": 0.6135204081632653,
                "recall": 0.6320630749014454,
                "f1-score": 0.6226537216828477,
                "support": 761
            },
            "1": {
                "precision": 0.6136087484811664,
                "recall": 0.5920281359906213,
                "f1-score": 0.6026252983293556,
                "support": 853
            },
            "2": {
                "precision": 0.7108433734939759,
                "recall": 0.7195121951219512,
                "f1-score": 0.7151515151515151,
                "support": 574
            },
            "accuracy": 0.6393967093235832,
            "macro avg": {
                "precision": 0.6459908433794692,
                "recall": 0.6478678020046726,
                "f1-score": 0.6468101783879062,
                "support": 2188
            },
            "weighted avg": {
                "precision": 0.6390865582505585,
                "recall": 0.6393967093235832,
                "f1-score": 0.6391114402982436,
                "support": 2188
            },
            "score": 0.6393967093235832
        }
    }
}
