{
    "program": "bin/ensemble.py",
    "config": {
        "seeds": [
            5,
            6,
            7,
            8,
            9
        ]
    },
    "single_model_program": "bin/train0___8f5ab78de0e847f09322bcca95c081f9.py",
    "data": "data/microsoft",
    "prediction_type": null,
    "metrics": {
        "train": {
            "rmse": 0.7019163390288436,
            "score": -0.7019163390288436
        },
        "val": {
            "rmse": 0.7395169065163485,
            "score": -0.7395169065163485
        },
        "test": {
            "rmse": 0.7433773089928188,
            "score": -0.7433773089928188
        }
    }
}
