{
    "dataset": "adult",
    "algorithm": "node",
    "config": {
        "data": {
            "cat_policy": "indices",
            "normalization": "quantile",
            "path": "data/adult"
        },
        "model": {
            "bin_function": "entmoid15",
            "choice_function": "entmax15",
            "d_embedding": 256,
            "depth": 6,
            "layer_dim": 1024,
            "num_layers": 2,
            "tree_dim": 2
        },
        "seed": 0,
        "training": {
            "eval_batch_size": 256,
            "lr": 0.001,
            "lr_n_decays": 0,
            "n_epochs": 1000000000,
            "optimizer": "adam",
            "patience": 16,
            "weight_decay": 0.0
        }
    },
    "environment": {
        "devices": {
            "CUDA_VISIBLE_DEVICES": "1",
            "torch.version.cuda": "10.1",
            "torch.backends.cudnn.version()": 7603,
            "torch.cuda.nccl.version()": 2708,
            "driver": "450.51.06",
            "1": {
                "name": "GeForce RTX 2080 Ti",
                "total_memory": 11552096256
            }
        }
    },
    "batch_size": 256,
    "epoch_size": 102,
    "chunk_sizes": {},
    "eval_batch_sizes": {},
    "n_parameters": 38135296,
    "best_epoch_0": 17,
    "metrics_0": {
        "val": {
            "0": {
                "precision": 0.8827573037998855,
                "recall": 0.9348837209302325,
                "f1-score": 0.9080730701237478,
                "support": 4945
            },
            "1": {
                "precision": 0.7476489028213166,
                "recall": 0.6084183673469388,
                "f1-score": 0.6708860759493671,
                "support": 1568
            },
            "accuracy": 0.8562874251497006,
            "macro avg": {
                "precision": 0.8152031033106011,
                "recall": 0.7716510441385857,
                "f1-score": 0.7894795730365575,
                "support": 6513
            },
            "weighted avg": {
                "precision": 0.8502300548002854,
                "recall": 0.8562874251497006,
                "f1-score": 0.850970474259257,
                "support": 6513
            },
            "roc_auc": 0.9103649068322981,
            "pr_auc": 0.76700467990423,
            "score": 0.8562874251497006
        },
        "test": {
            "0": {
                "precision": 0.885166006701188,
                "recall": 0.9347808604744672,
                "f1-score": 0.9092971408456213,
                "support": 12435
            },
            "1": {
                "precision": 0.7424579231502064,
                "recall": 0.607904316172647,
                "f1-score": 0.6684774839170837,
                "support": 3846
            },
            "accuracy": 0.8575640316933849,
            "macro avg": {
                "precision": 0.8138119649256972,
                "recall": 0.7713425883235571,
                "f1-score": 0.7888873123813525,
                "support": 16281
            },
            "weighted avg": {
                "precision": 0.8514546075649508,
                "recall": 0.8575640316933849,
                "f1-score": 0.852409210095228,
                "support": 16281
            },
            "roc_auc": 0.9107463124419629,
            "pr_auc": 0.7719999576685905,
            "score": 0.8575640316933849
        }
    },
    "time_0": "0:14:56",
    "metrics": {
        "train": {
            "0": {
                "precision": 0.8995777756453316,
                "recall": 0.9481163084702908,
                "f1-score": 0.9232094935618091,
                "support": 19775
            },
            "1": {
                "precision": 0.8029197080291971,
                "recall": 0.6663478399489877,
                "f1-score": 0.7282864361007056,
                "support": 6273
            },
            "accuracy": 0.8802595208845209,
            "macro avg": {
                "precision": 0.8512487418372643,
                "recall": 0.8072320742096393,
                "f1-score": 0.8257479648312573,
                "support": 26048
            },
            "weighted avg": {
                "precision": 0.8763001321350424,
                "recall": 0.8802595208845209,
                "f1-score": 0.8762672200877035,
                "support": 26048
            },
            "roc_auc": 0.932484875380471,
            "pr_auc": 0.8268259361959428,
            "score": 0.8802595208845209
        },
        "val": {
            "0": {
                "precision": 0.8827573037998855,
                "recall": 0.9348837209302325,
                "f1-score": 0.9080730701237478,
                "support": 4945
            },
            "1": {
                "precision": 0.7476489028213166,
                "recall": 0.6084183673469388,
                "f1-score": 0.6708860759493671,
                "support": 1568
            },
            "accuracy": 0.8562874251497006,
            "macro avg": {
                "precision": 0.8152031033106011,
                "recall": 0.7716510441385857,
                "f1-score": 0.7894795730365575,
                "support": 6513
            },
            "weighted avg": {
                "precision": 0.8502300548002854,
                "recall": 0.8562874251497006,
                "f1-score": 0.850970474259257,
                "support": 6513
            },
            "roc_auc": 0.9103649068322981,
            "pr_auc": 0.76700467990423,
            "score": 0.8562874251497006
        },
        "test": {
            "0": {
                "precision": 0.885166006701188,
                "recall": 0.9347808604744672,
                "f1-score": 0.9092971408456213,
                "support": 12435
            },
            "1": {
                "precision": 0.7424579231502064,
                "recall": 0.607904316172647,
                "f1-score": 0.6684774839170837,
                "support": 3846
            },
            "accuracy": 0.8575640316933849,
            "macro avg": {
                "precision": 0.8138119649256972,
                "recall": 0.7713425883235571,
                "f1-score": 0.7888873123813525,
                "support": 16281
            },
            "weighted avg": {
                "precision": 0.8514546075649508,
                "recall": 0.8575640316933849,
                "f1-score": 0.852409210095228,
                "support": 16281
            },
            "roc_auc": 0.9107463124419629,
            "pr_auc": 0.7719999576685905,
            "score": 0.8575640316933849
        }
    },
    "time_final": "0:15:16"
}
