{
    "program": "bin/ensemble.py",
    "config": {
        "seeds": [
            5,
            6,
            7,
            8,
            9
        ]
    },
    "single_model_program": "bin/train1___a530954522e64e9e96eb87bc647ae72d.py",
    "data": "data/microsoft",
    "prediction_type": null,
    "metrics": {
        "train": {
            "rmse": 0.6985315561964026,
            "score": -0.6985315561964026
        },
        "val": {
            "rmse": 0.7435409829487173,
            "score": -0.7435409829487173
        },
        "test": {
            "rmse": 0.7470055273785204,
            "score": -0.7470055273785204
        }
    }
}
