{
    "program": "bin/ensemble.py",
    "config": {
        "seeds": [
            10,
            11,
            12,
            13,
            14
        ]
    },
    "single_model_program": "bin/train3___a144c8aa6f5b402191e8e0725221acf5.py",
    "data": "data/covtype",
    "prediction_type": "probs",
    "metrics": {
        "train": {
            "0": {
                "precision": 0.995118997511501,
                "recall": 0.9939813244036643,
                "f1-score": 0.9945498356094626,
                "support": 135578
            },
            "1": {
                "precision": 0.9954535935898425,
                "recall": 0.9962771355453582,
                "f1-score": 0.9958651943083021,
                "support": 181312
            },
            "2": {
                "precision": 0.9975970990432085,
                "recall": 0.9979022812691198,
                "f1-score": 0.9977496668196019,
                "support": 22882
            },
            "3": {
                "precision": 0.9937570942111237,
                "recall": 0.9954519613416714,
                "f1-score": 0.9946038057370065,
                "support": 1759
            },
            "4": {
                "precision": 0.9908728841686028,
                "recall": 0.982880658436214,
                "f1-score": 0.9868605900338815,
                "support": 6075
            },
            "5": {
                "precision": 0.9966714645555955,
                "recall": 0.9967611336032388,
                "f1-score": 0.9967162970626602,
                "support": 11115
            },
            "6": {
                "precision": 0.9899764598678715,
                "recall": 0.9932195642236782,
                "f1-score": 0.9915953603346644,
                "support": 13126
            },
            "accuracy": 0.9952238420640748,
            "macro avg": {
                "precision": 0.9942067989925352,
                "recall": 0.9937820084032778,
                "f1-score": 0.993991535700797,
                "support": 371847
            },
            "weighted avg": {
                "precision": 0.9952237024009478,
                "recall": 0.9952238420640748,
                "f1-score": 0.9952232077150125,
                "support": 371847
            },
            "score": 0.9952238420640748
        },
        "val": {
            "0": {
                "precision": 0.9702650673774619,
                "recall": 0.9665722546763439,
                "f1-score": 0.9684151406316972,
                "support": 33894
            },
            "1": {
                "precision": 0.9722344354555047,
                "recall": 0.9756662548535122,
                "f1-score": 0.9739473220577872,
                "support": 45328
            },
            "2": {
                "precision": 0.9687174139728885,
                "recall": 0.9743051914001049,
                "f1-score": 0.9715032679738562,
                "support": 5721
            },
            "3": {
                "precision": 0.9237875288683602,
                "recall": 0.9111617312072893,
                "f1-score": 0.9174311926605505,
                "support": 439
            },
            "4": {
                "precision": 0.917590027700831,
                "recall": 0.8722843976300197,
                "f1-score": 0.8943638204522444,
                "support": 1519
            },
            "5": {
                "precision": 0.9479913916786227,
                "recall": 0.9510615329255128,
                "f1-score": 0.9495239805999641,
                "support": 2779
            },
            "6": {
                "precision": 0.9656534954407295,
                "recall": 0.9680073126142597,
                "f1-score": 0.9668289713937918,
                "support": 3282
            },
            "accuracy": 0.9692670123276177,
            "macro avg": {
                "precision": 0.952319908642057,
                "recall": 0.945579810758149,
                "f1-score": 0.9488590993956987,
                "support": 92962
            },
            "weighted avg": {
                "precision": 0.9692212284172009,
                "recall": 0.9692670123276177,
                "f1-score": 0.96923116918667,
                "support": 92962
            },
            "score": 0.9692670123276177
        },
        "test": {
            "0": {
                "precision": 0.9697810011376564,
                "recall": 0.9657524546827795,
                "f1-score": 0.9677625354777671,
                "support": 42368
            },
            "1": {
                "precision": 0.971203544179178,
                "recall": 0.9749916168087397,
                "f1-score": 0.9730938939432638,
                "support": 56661
            },
            "2": {
                "precision": 0.9651243573711269,
                "recall": 0.9713326807439518,
                "f1-score": 0.9682185670476722,
                "support": 7151
            },
            "3": {
                "precision": 0.9041353383458647,
                "recall": 0.8761384335154827,
                "f1-score": 0.8899167437557816,
                "support": 549
            },
            "4": {
                "precision": 0.9170840289371174,
                "recall": 0.8678251711427067,
                "f1-score": 0.8917748917748918,
                "support": 1899
            },
            "5": {
                "precision": 0.9451307095662166,
                "recall": 0.9473078030521164,
                "f1-score": 0.9462180040264595,
                "support": 3473
            },
            "6": {
                "precision": 0.9672489082969432,
                "recall": 0.9719648951730863,
                "f1-score": 0.9696011673151751,
                "support": 4102
            },
            "accuracy": 0.9682452260268668,
            "macro avg": {
                "precision": 0.9485296982620147,
                "recall": 0.9393304364455519,
                "f1-score": 0.9437979719058587,
                "support": 116203
            },
            "weighted avg": {
                "precision": 0.9681906370778598,
                "recall": 0.9682452260268668,
                "f1-score": 0.9682016051987676,
                "support": 116203
            },
            "score": 0.9682452260268668
        }
    }
}
