{
    "program": "bin/ensemble.py",
    "config": {
        "seeds": [
            10,
            11,
            12,
            13,
            14
        ]
    },
    "single_model_program": "bin/train3___06fda63ab9a54c0ab9dc9a4f0da3e0a9.py",
    "data": "data/fb-comments",
    "prediction_type": null,
    "metrics": {
        "train": {
            "rmse": 3.221943579445211,
            "score": -3.221943579445211
        },
        "val": {
            "rmse": 5.072939390370916,
            "score": -5.072939390370916
        },
        "test": {
            "rmse": 5.286717377549349,
            "score": -5.286717377549349
        }
    }
}
