{"dataset": "adult", "algorithm": "ft_transformer", "config": {"data": {"cat_policy": "indices", "normalization": "quantile_normal", "path": "data/adult"}, "model": {"activation": "reglu", "attention_dropout": 0.2, "d_ffn_factor": 1.333333333333333, "d_token": 192, "ffn_dropout": 0.1, "initialization": "kaiming", "n_heads": 8, "n_layers": 3, "prenormalization": true, "residual_dropout": 0.0}, "seed": 5, "training": {"batch_size": 256, "eval_batch_size": 8192, "lr": 0.0001, "lr_n_decays": 0, "n_epochs": 1000000000, "optimizer": "adamw", "patience": 16, "weight_decay": 1e-05}}, "environment": {"devices": {"CUDA_VISIBLE_DEVICES": "0", "torch.version.cuda": "10.1", "torch.backends.cudnn.version()": 7603, "torch.cuda.nccl.version()": 2708, "driver": "450.102.04", "0": {"name": "GeForce GTX 1080 Ti", "total_memory": 11720130560}}}, "epoch_size": 102, "n_parameters": 913531, "best_epoch": 3, "metrics": {"train": {"0": {"precision": 0.9165056655004961, "recall": 0.8875853350189633, "f1-score": 0.9018136977855418, "support": 19775}, "1": {"precision": 0.6776859504132231, "recall": 0.7450980392156863, "f1-score": 0.7097949886104783, "support": 6273}, "accuracy": 0.8532708845208845, "macro avg": {"precision": 0.7970958079568595, "recall": 0.8163416871173248, "f1-score": 0.80580434319801, "support": 26048}, "weighted avg": {"precision": 0.8589919956316976, "recall": 0.8532708845208845, "f1-score": 0.8555708629170231, "support": 26048}, "roc_auc": 0.8163416871173248, "score": 0.8163416871173248}, "val": {"0": {"precision": 0.9113003739094309, "recall": 0.8871587462082912, "f1-score": 0.8990675274105954, "support": 4945}, "1": {"precision": 0.6715715126545027, "recall": 0.7276785714285714, "f1-score": 0.6985001530456075, "support": 1568}, "accuracy": 0.8487640104406572, "macro avg": {"precision": 0.7914359432819668, "recall": 0.8074186588184313, "f1-score": 0.7987838402281014, "support": 6513}, "weighted avg": {"precision": 0.8535858253991089, "recall": 0.8487640104406572, "f1-score": 0.8507810783081386, "support": 6513}, "roc_auc": 0.8074186588184312, "score": 0.8074186588184312}, "test": {"0": {"precision": 0.9131912776718348, "recall": 0.8857257740249296, "f1-score": 0.8992488569562377, "support": 12435}, "1": {"precision": 0.6632701421800948, "recall": 0.7277691107644306, "f1-score": 0.6940242995288868, "support": 3846}, "accuracy": 0.8484122596892083, "macro avg": {"precision": 0.7882307099259649, "recall": 0.8067474423946801, "f1-score": 0.7966365782425622, "support": 16281}, "weighted avg": {"precision": 0.854153338534114, "recall": 0.8484122596892083, "f1-score": 0.8507694240058298, "support": 16281}, "roc_auc": 0.8067474423946801, "score": 0.8067474423946801}}, "time": "0:00:58"}
