{
    "dataset": "adult",
    "algorithm": "grownet",
    "config": {
        "data": {
            "cat_policy": "indices",
            "normalization": "quantile_normal",
            "path": "data/adult"
        },
        "model": {
            "boost_rate": 1.0,
            "correct_epoch": 1,
            "d_embedding": 256,
            "epochs_per_stage": 1,
            "hidden_d": 32,
            "num_nets": 40,
            "sparse": false
        },
        "patience": 16,
        "seed": 10,
        "training": {
            "eval_batch_size": 8192,
            "lr": 0.01,
            "lr_scaler": 3,
            "weight_decay": 0.001
        }
    },
    "environment": {
        "devices": {
            "CUDA_VISIBLE_DEVICES": "0",
            "torch.version.cuda": "10.1",
            "torch.backends.cudnn.version()": 7603,
            "torch.cuda.nccl.version()": 2708,
            "driver": "450.102.04",
            "0": {
                "name": "GeForce GTX 1080 Ti",
                "total_memory": 11720130560
            }
        }
    },
    "batch_size": 256,
    "epoch_size": 102,
    "metrics": {
        "train": {
            "0": {
                "precision": 0.8926266379816155,
                "recall": 0.9231858407079646,
                "f1-score": 0.9076490914062693,
                "support": 19775
            },
            "1": {
                "precision": 0.7285561115082202,
                "recall": 0.6499282639885222,
                "f1-score": 0.6869997472407111,
                "support": 6273
            },
            "accuracy": 0.8573786855036855,
            "macro avg": {
                "precision": 0.8105913747449178,
                "recall": 0.7865570523482435,
                "f1-score": 0.7973244193234902,
                "support": 26048
            },
            "weighted avg": {
                "precision": 0.8531144139119131,
                "recall": 0.8573786855036855,
                "f1-score": 0.8545112944179958,
                "support": 26048
            },
            "roc_auc": 0.7865570523482435,
            "score": 0.7865570523482435
        },
        "val": {
            "0": {
                "precision": 0.8822050290135397,
                "recall": 0.9223458038422649,
                "f1-score": 0.9018289668808701,
                "support": 4945
            },
            "1": {
                "precision": 0.7140729709605361,
                "recall": 0.6116071428571429,
                "f1-score": 0.6588801099278598,
                "support": 1568
            },
            "accuracy": 0.8475356978350991,
            "macro avg": {
                "precision": 0.7981389999870379,
                "recall": 0.766976473349704,
                "f1-score": 0.780354538404365,
                "support": 6513
            },
            "weighted avg": {
                "precision": 0.8417273586577728,
                "recall": 0.8475356978350991,
                "f1-score": 0.8433392067546118,
                "support": 6513
            },
            "roc_auc": 0.7669764733497039,
            "score": 0.7669764733497039
        },
        "test": {
            "0": {
                "precision": 0.8906298479677319,
                "recall": 0.923361479694411,
                "f1-score": 0.9067003593003514,
                "support": 12435
            },
            "1": {
                "precision": 0.7187961050457362,
                "recall": 0.6333853354134166,
                "f1-score": 0.6733932273669662,
                "support": 3846
            },
            "accuracy": 0.854861494994165,
            "macro avg": {
                "precision": 0.804712976506734,
                "recall": 0.7783734075539137,
                "f1-score": 0.7900467933336588,
                "support": 16281
            },
            "weighted avg": {
                "precision": 0.8500382027814414,
                "recall": 0.854861494994165,
                "f1-score": 0.8515870843531246,
                "support": 16281
            },
            "roc_auc": 0.7783734075539138,
            "score": 0.7783734075539138
        }
    }
}
