{
    "dataset": "epsilon",
    "algorithm": "mlp",
    "config": {
        "data": {
            "path": "data/epsilon"
        },
        "model": {
            "d_layers": [
                481,
                156
            ],
            "dropout": 0.0
        },
        "seed": 11,
        "training": {
            "batch_size": 1024,
            "eval_batch_size": 8192,
            "lr": 2.553049137163297e-05,
            "n_epochs": 1000000000,
            "optimizer": "adamw",
            "patience": 16,
            "weight_decay": 4.151903192558631e-05
        }
    },
    "environment": {
        "devices": {
            "CUDA_VISIBLE_DEVICES": "0",
            "torch.version.cuda": "10.1",
            "torch.backends.cudnn.version()": 7603,
            "torch.cuda.nccl.version()": 2708,
            "driver": "418.67",
            "0": {
                "name": "Tesla V100-PCIE-32GB",
                "total_memory": 34058272768
            }
        }
    },
    "epoch_size": 313,
    "n_parameters": 1037830,
    "best_epoch": 44,
    "metrics": {
        "train": {
            "0": {
                "precision": 0.905345449517992,
                "recall": 0.8996016035768256,
                "f1-score": 0.9024643872859165,
                "support": 160142
            },
            "1": {
                "precision": 0.9000584308216368,
                "recall": 0.9057788787548949,
                "f1-score": 0.9029095943030317,
                "support": 159858
            },
            "accuracy": 0.9026875,
            "macro avg": {
                "precision": 0.9027019401698144,
                "recall": 0.9026902411658603,
                "f1-score": 0.9026869907944741,
                "support": 320000
            },
            "weighted avg": {
                "precision": 0.902704286284361,
                "recall": 0.9026875,
                "f1-score": 0.9026867932338603,
                "support": 320000
            },
            "roc_auc": 0.9026902411658603,
            "score": 0.9026902411658603
        },
        "val": {
            "0": {
                "precision": 0.8997158447959364,
                "recall": 0.8936930186087174,
                "f1-score": 0.8966943184381344,
                "support": 40035
            },
            "1": {
                "precision": 0.8942161906892352,
                "recall": 0.9002126861003378,
                "f1-score": 0.8972044190628196,
                "support": 39965
            },
            "accuracy": 0.89695,
            "macro avg": {
                "precision": 0.8969660177425858,
                "recall": 0.8969528523545276,
                "f1-score": 0.896949368750477,
                "support": 80000
            },
            "weighted avg": {
                "precision": 0.8969684238412574,
                "recall": 0.89695,
                "f1-score": 0.8969491455814536,
                "support": 80000
            },
            "roc_auc": 0.8969528523545276,
            "score": 0.8969528523545276
        },
        "test": {
            "0": {
                "precision": 0.8983781399731361,
                "recall": 0.8954341093016286,
                "f1-score": 0.8969037087444709,
                "support": 50045
            },
            "1": {
                "precision": 0.8955884993714959,
                "recall": 0.8985286758082274,
                "f1-score": 0.8970561784279634,
                "support": 49955
            },
            "accuracy": 0.89698,
            "macro avg": {
                "precision": 0.896983319672316,
                "recall": 0.8969813925549279,
                "f1-score": 0.8969799435862171,
                "support": 100000
            },
            "weighted avg": {
                "precision": 0.8969845750105867,
                "recall": 0.89698,
                "f1-score": 0.8969798749748595,
                "support": 100000
            },
            "roc_auc": 0.8969813925549279,
            "score": 0.8969813925549279
        }
    },
    "time": "00h 01m 52s"
}
