{
    "dataset": "adult",
    "algorithm": "node",
    "config": {
        "data": {
            "cat_policy": "indices",
            "normalization": "quantile",
            "path": "data/adult"
        },
        "model": {
            "bin_function": "entmoid15",
            "choice_function": "entmax15",
            "d_embedding": 256,
            "depth": 8,
            "layer_dim": 128,
            "num_layers": 8,
            "tree_dim": 3
        },
        "seed": 5,
        "training": {
            "eval_batch_size": 256,
            "lr": 0.001,
            "lr_n_decays": 0,
            "n_epochs": 1000000000,
            "optimizer": "adam",
            "patience": 16,
            "weight_decay": 0.0
        }
    },
    "environment": {
        "devices": {
            "CUDA_VISIBLE_DEVICES": "1",
            "torch.version.cuda": "10.1",
            "torch.backends.cudnn.version()": 7603,
            "torch.cuda.nccl.version()": 2708,
            "driver": "450.51.06",
            "1": {
                "name": "GeForce RTX 2080 Ti",
                "total_memory": 11552096256
            }
        }
    },
    "batch_size": 256,
    "epoch_size": 102,
    "chunk_sizes": {},
    "eval_batch_sizes": {},
    "n_parameters": 28665344,
    "best_epoch_0": 17,
    "metrics_0": {
        "val": {
            "0": {
                "precision": 0.8843419788664746,
                "recall": 0.9308392315470172,
                "f1-score": 0.9069950738916256,
                "support": 4945
            },
            "1": {
                "precision": 0.7385321100917431,
                "recall": 0.6160714285714286,
                "f1-score": 0.6717663421418637,
                "support": 1568
            },
            "accuracy": 0.8550591125441425,
            "macro avg": {
                "precision": 0.8114370444791088,
                "recall": 0.7734553300592228,
                "f1-score": 0.7893807080167446,
                "support": 6513
            },
            "weighted avg": {
                "precision": 0.8492383592996422,
                "recall": 0.8550591125441425,
                "f1-score": 0.8503639282776803,
                "support": 6513
            },
            "roc_auc": 0.9085684880625658,
            "pr_auc": 0.7656350423490069,
            "score": 0.8550591125441425
        },
        "test": {
            "0": {
                "precision": 0.88816595223515,
                "recall": 0.933092078809811,
                "f1-score": 0.9100749048982313,
                "support": 12435
            },
            "1": {
                "precision": 0.7413739508859185,
                "recall": 0.6201248049921997,
                "f1-score": 0.6753504176695455,
                "support": 3846
            },
            "accuracy": 0.8591609851974694,
            "macro avg": {
                "precision": 0.8147699515605342,
                "recall": 0.7766084419010053,
                "f1-score": 0.7927126612838884,
                "support": 16281
            },
            "weighted avg": {
                "precision": 0.8534898244058309,
                "recall": 0.8591609851974694,
                "f1-score": 0.8546268133877882,
                "support": 16281
            },
            "roc_auc": 0.9104086543839718,
            "pr_auc": 0.7710678495198497,
            "score": 0.8591609851974694
        }
    },
    "time_0": "0:19:20",
    "metrics": {
        "train": {
            "0": {
                "precision": 0.8976594105182046,
                "recall": 0.9425537294563843,
                "f1-score": 0.9195589432398431,
                "support": 19775
            },
            "1": {
                "precision": 0.785011355034065,
                "recall": 0.6612466124661247,
                "f1-score": 0.7178333477546075,
                "support": 6273
            },
            "accuracy": 0.8748080466830467,
            "macro avg": {
                "precision": 0.8413353827761348,
                "recall": 0.8019001709612545,
                "f1-score": 0.8186961454972252,
                "support": 26048
            },
            "weighted avg": {
                "precision": 0.8705309840727189,
                "recall": 0.8748080466830467,
                "f1-score": 0.8709784510531537,
                "support": 26048
            },
            "roc_auc": 0.9291026398328236,
            "pr_auc": 0.8200750224398843,
            "score": 0.8748080466830467
        },
        "val": {
            "0": {
                "precision": 0.8843419788664746,
                "recall": 0.9308392315470172,
                "f1-score": 0.9069950738916256,
                "support": 4945
            },
            "1": {
                "precision": 0.7385321100917431,
                "recall": 0.6160714285714286,
                "f1-score": 0.6717663421418637,
                "support": 1568
            },
            "accuracy": 0.8550591125441425,
            "macro avg": {
                "precision": 0.8114370444791088,
                "recall": 0.7734553300592228,
                "f1-score": 0.7893807080167446,
                "support": 6513
            },
            "weighted avg": {
                "precision": 0.8492383592996422,
                "recall": 0.8550591125441425,
                "f1-score": 0.8503639282776803,
                "support": 6513
            },
            "roc_auc": 0.9085684880625658,
            "pr_auc": 0.7656350423490069,
            "score": 0.8550591125441425
        },
        "test": {
            "0": {
                "precision": 0.88816595223515,
                "recall": 0.933092078809811,
                "f1-score": 0.9100749048982313,
                "support": 12435
            },
            "1": {
                "precision": 0.7413739508859185,
                "recall": 0.6201248049921997,
                "f1-score": 0.6753504176695455,
                "support": 3846
            },
            "accuracy": 0.8591609851974694,
            "macro avg": {
                "precision": 0.8147699515605342,
                "recall": 0.7766084419010053,
                "f1-score": 0.7927126612838884,
                "support": 16281
            },
            "weighted avg": {
                "precision": 0.8534898244058309,
                "recall": 0.8591609851974694,
                "f1-score": 0.8546268133877882,
                "support": 16281
            },
            "roc_auc": 0.9104086543839718,
            "pr_auc": 0.7710678495198497,
            "score": 0.8591609851974694
        }
    },
    "time_final": "0:19:39"
}
