{
    "program": "bin/ensemble.py",
    "config": {
        "seeds": [
            10,
            11,
            12,
            13,
            14
        ]
    },
    "single_model_program": "bin/train1___04ca55cdcc9348a695459fcdf56bab49.py",
    "data": "data/california",
    "prediction_type": null,
    "metrics": {
        "train": {
            "rmse": 0.31531104000176324,
            "score": -0.31531104000176324
        },
        "val": {
            "rmse": 0.4319877939610118,
            "score": -0.4319877939610118
        },
        "test": {
            "rmse": 0.4263214159437621,
            "score": -0.4263214159437621
        }
    }
}
