{
    "dataset": "epsilon",
    "algorithm": "node",
    "config": {
        "data": {
            "path": "data/epsilon"
        },
        "model": {
            "bin_function": "entmoid15",
            "choice_function": "entmax15",
            "depth": 6,
            "layer_dim": 512,
            "num_layers": 2,
            "tree_dim": 3
        },
        "seed": 14,
        "training": {
            "eval_batch_size": 8192,
            "lr": 0.001,
            "lr_n_decays": 0,
            "n_epochs": 1000000000,
            "optimizer": "adam",
            "patience": 16,
            "weight_decay": 0.0
        }
    },
    "environment": {
        "devices": {
            "CUDA_VISIBLE_DEVICES": "0,1",
            "torch.version.cuda": "10.1",
            "torch.backends.cudnn.version()": 7603,
            "torch.cuda.nccl.version()": 2708,
            "driver": "418.67",
            "0": {
                "name": "Tesla V100-PCIE-32GB",
                "total_memory": 34058272768
            },
            "1": {
                "name": "Tesla V100-PCIE-32GB",
                "total_memory": 34058272768
            }
        }
    },
    "batch_size": 1024,
    "epoch_size": 313,
    "chunk_sizes": {},
    "eval_batch_sizes": {},
    "n_parameters": 17215488,
    "metrics": {
        "val": {
            "0": {
                "precision": 0.8929270407531277,
                "recall": 0.9002872486574247,
                "f1-score": 0.896592039800995,
                "support": 40035
            },
            "1": {
                "precision": 0.8992809385644002,
                "recall": 0.8918553734517704,
                "f1-score": 0.8955527638190955,
                "support": 39965
            },
            "accuracy": 0.896075,
            "macro avg": {
                "precision": 0.8961039896587639,
                "recall": 0.8960713110545975,
                "f1-score": 0.8960724018100452,
                "support": 80000
            },
            "weighted avg": {
                "precision": 0.8961012098284715,
                "recall": 0.896075,
                "f1-score": 0.8960728564932873,
                "support": 80000
            },
            "roc_auc": 0.8960713110545976,
            "score": 0.8960713110545976
        },
        "test": {
            "0": {
                "precision": 0.8913472545691391,
                "recall": 0.9024078329503447,
                "f1-score": 0.8968434431194209,
                "support": 50045
            },
            "1": {
                "precision": 0.9010013378197592,
                "recall": 0.8898008207386648,
                "f1-score": 0.8953660526342295,
                "support": 49955
            },
            "accuracy": 0.89611,
            "macro avg": {
                "precision": 0.8961742961944492,
                "recall": 0.8961043268445048,
                "f1-score": 0.8961047478768251,
                "support": 100000
            },
            "weighted avg": {
                "precision": 0.8961699518569864,
                "recall": 0.89611,
                "f1-score": 0.8961054127025435,
                "support": 100000
            },
            "roc_auc": 0.8961043268445047,
            "score": 0.8961043268445047
        }
    },
    "time": "0:17:07"
}
