{
    "program": "bin/ensemble.py",
    "config": {
        "seeds": [
            5,
            6,
            7,
            8,
            9
        ]
    },
    "single_model_program": "bin/train0___bb4cb1997c8e45d29214843a423374c6.py",
    "data": "data/higgs-small",
    "prediction_type": "probs",
    "metrics": {
        "train": {
            "0": {
                "precision": 0.7715736040609137,
                "recall": 0.7553241836251775,
                "f1-score": 0.7633624297500897,
                "support": 29582
            },
            "1": {
                "precision": 0.7858072916666666,
                "recall": 0.8005667942958787,
                "f1-score": 0.7931183823419603,
                "support": 33169
            },
            "accuracy": 0.7792385778712689,
            "macro avg": {
                "precision": 0.7786904478637902,
                "recall": 0.7779454889605282,
                "f1-score": 0.7782404060460251,
                "support": 62751
            },
            "weighted avg": {
                "precision": 0.779097263989763,
                "recall": 0.7792385778712689,
                "f1-score": 0.7790908674087685,
                "support": 62751
            },
            "roc_auc": 0.8676451627162843,
            "score": 0.7792385778712689
        },
        "val": {
            "0": {
                "precision": 0.7283653846153846,
                "recall": 0.6964575446187128,
                "f1-score": 0.7120541885540502,
                "support": 7396
            },
            "1": {
                "precision": 0.7394382544103992,
                "recall": 0.7683309213699951,
                "f1-score": 0.7536077596404068,
                "support": 8292
            },
            "accuracy": 0.7344467108618052,
            "macro avg": {
                "precision": 0.7339018195128919,
                "recall": 0.732394232994354,
                "f1-score": 0.7328309740972285,
                "support": 15688
            },
            "weighted avg": {
                "precision": 0.7342180258915358,
                "recall": 0.7344467108618052,
                "f1-score": 0.7340176135571143,
                "support": 15688
            },
            "roc_auc": 0.8135379905097266,
            "score": 0.7344467108618052
        },
        "test": {
            "0": {
                "precision": 0.7167649349204583,
                "recall": 0.6969172525689562,
                "f1-score": 0.7067017659317758,
                "support": 9245
            },
            "1": {
                "precision": 0.7361830336126541,
                "recall": 0.7543656536420646,
                "f1-score": 0.7451634422948631,
                "support": 10365
            },
            "accuracy": 0.7272819989801121,
            "macro avg": {
                "precision": 0.7264739842665562,
                "recall": 0.7256414531055104,
                "f1-score": 0.7259326041133194,
                "support": 19610
            },
            "weighted avg": {
                "precision": 0.7270285041680161,
                "recall": 0.7272819989801121,
                "f1-score": 0.7270309487723368,
                "support": 19610
            },
            "roc_auc": 0.8073657681744504,
            "score": 0.7272819989801121
        }
    }
}
