{
    "program": "bin/ensemble.py",
    "config": {
        "seeds": [
            10,
            11,
            12,
            13,
            14
        ]
    },
    "single_model_program": "bin/xgboost____84f4aab2046245479088b7c3c337c11a.py",
    "data": "data/covtype",
    "prediction_type": "probs",
    "metrics": {
        "train": {
            "0": {
                "precision": 1.0,
                "recall": 1.0,
                "f1-score": 1.0,
                "support": 135578
            },
            "1": {
                "precision": 1.0,
                "recall": 1.0,
                "f1-score": 1.0,
                "support": 181312
            },
            "2": {
                "precision": 1.0,
                "recall": 1.0,
                "f1-score": 1.0,
                "support": 22882
            },
            "3": {
                "precision": 1.0,
                "recall": 1.0,
                "f1-score": 1.0,
                "support": 1759
            },
            "4": {
                "precision": 1.0,
                "recall": 1.0,
                "f1-score": 1.0,
                "support": 6075
            },
            "5": {
                "precision": 1.0,
                "recall": 1.0,
                "f1-score": 1.0,
                "support": 11115
            },
            "6": {
                "precision": 1.0,
                "recall": 1.0,
                "f1-score": 1.0,
                "support": 13126
            },
            "accuracy": 1.0,
            "macro avg": {
                "precision": 1.0,
                "recall": 1.0,
                "f1-score": 1.0,
                "support": 371847
            },
            "weighted avg": {
                "precision": 1.0,
                "recall": 1.0,
                "f1-score": 1.0,
                "support": 371847
            },
            "score": 1.0
        },
        "val": {
            "0": {
                "precision": 0.9732893603113766,
                "recall": 0.9664837434354163,
                "f1-score": 0.9698746132551702,
                "support": 33894
            },
            "1": {
                "precision": 0.970284689727555,
                "recall": 0.9789754677020825,
                "f1-score": 0.9746107047945356,
                "support": 45328
            },
            "2": {
                "precision": 0.9631296520685477,
                "recall": 0.9725572452368467,
                "f1-score": 0.9678204905200904,
                "support": 5721
            },
            "3": {
                "precision": 0.9178743961352657,
                "recall": 0.8656036446469249,
                "f1-score": 0.8909730363423211,
                "support": 439
            },
            "4": {
                "precision": 0.9338129496402877,
                "recall": 0.8545095457537853,
                "f1-score": 0.8924028875902371,
                "support": 1519
            },
            "5": {
                "precision": 0.9514421321650237,
                "recall": 0.937747391147895,
                "f1-score": 0.9445451250453063,
                "support": 2779
            },
            "6": {
                "precision": 0.9729314057213165,
                "recall": 0.9637416209628276,
                "f1-score": 0.9683147099341803,
                "support": 3282
            },
            "accuracy": 0.9696865385856587,
            "macro avg": {
                "precision": 0.9546806551099104,
                "recall": 0.9342312369836827,
                "f1-score": 0.9440773667831202,
                "support": 92962
            },
            "weighted avg": {
                "precision": 0.9696265788507082,
                "recall": 0.9696865385856587,
                "f1-score": 0.9696067438799899,
                "support": 92962
            },
            "score": 0.9696865385856587
        },
        "test": {
            "0": {
                "precision": 0.97356209694691,
                "recall": 0.9656344410876133,
                "f1-score": 0.969582064438151,
                "support": 42368
            },
            "1": {
                "precision": 0.9693893596575522,
                "recall": 0.9792096856744498,
                "f1-score": 0.9742747769895344,
                "support": 56661
            },
            "2": {
                "precision": 0.961629034492312,
                "recall": 0.9707733184170046,
                "f1-score": 0.9661795407098122,
                "support": 7151
            },
            "3": {
                "precision": 0.9147286821705426,
                "recall": 0.8597449908925319,
                "f1-score": 0.8863849765258215,
                "support": 549
            },
            "4": {
                "precision": 0.9343023255813954,
                "recall": 0.8462348604528699,
                "f1-score": 0.8880906327714839,
                "support": 1899
            },
            "5": {
                "precision": 0.947980238302819,
                "recall": 0.9392456089835877,
                "f1-score": 0.9435927104425803,
                "support": 3473
            },
            "6": {
                "precision": 0.977278340330946,
                "recall": 0.9646513895660653,
                "f1-score": 0.9709238130290763,
                "support": 4102
            },
            "accuracy": 0.9692951128628349,
            "macro avg": {
                "precision": 0.9541242967832109,
                "recall": 0.9322134707248747,
                "f1-score": 0.9427183592723514,
                "support": 116203
            },
            "weighted avg": {
                "precision": 0.9692401739981902,
                "recall": 0.9692951128628349,
                "f1-score": 0.9692066673742805,
                "support": 116203
            },
            "score": 0.9692951128628349
        }
    }
}
