{
    "dataset": "higgs_small",
    "algorithm": "grownet",
    "config": {
        "source": "output/higgs_small/grownet/tuned",
        "seeds": [
            5,
            6,
            7,
            8,
            9
        ],
        "count": 5
    },
    "metrics": {
        "train": {
            "0": {
                "precision": 0.7515970515970516,
                "recall": 0.7238523426407951,
                "f1-score": 0.7374638379942142,
                "support": 29582
            },
            "1": {
                "precision": 0.7615725877064969,
                "recall": 0.7866445583358457,
                "f1-score": 0.7739055641238581,
                "support": 33170
            },
            "accuracy": 0.7570436002039775,
            "macro avg": {
                "precision": 0.7565848196517743,
                "recall": 0.7552484504883203,
                "f1-score": 0.7556847010590362,
                "support": 62752
            },
            "weighted avg": {
                "precision": 0.7568700075626033,
                "recall": 0.7570436002039775,
                "f1-score": 0.7567265237368246,
                "support": 62752
            },
            "roc_auc": 0.84068060499354,
            "score": 0.7570436002039775
        },
        "val": {
            "0": {
                "precision": 0.7323146576117714,
                "recall": 0.6998377501352082,
                "f1-score": 0.7157079646017699,
                "support": 7396
            },
            "1": {
                "precision": 0.7424593967517401,
                "recall": 0.7718282682103232,
                "f1-score": 0.7568590350047304,
                "support": 8292
            },
            "accuracy": 0.7378888322284549,
            "macro avg": {
                "precision": 0.7373870271817557,
                "recall": 0.7358330091727657,
                "f1-score": 0.7362834998032501,
                "support": 15688
            },
            "weighted avg": {
                "precision": 0.7376767290643861,
                "recall": 0.7378888322284549,
                "f1-score": 0.7374586451079751,
                "support": 15688
            },
            "roc_auc": 0.8180885983010072,
            "score": 0.7378888322284549
        },
        "test": {
            "0": {
                "precision": 0.7242547425474255,
                "recall": 0.6937804218496485,
                "f1-score": 0.7086901276172588,
                "support": 9245
            },
            "1": {
                "precision": 0.7367491166077739,
                "recall": 0.7643994211287989,
                "f1-score": 0.7503196174061273,
                "support": 10365
            },
            "accuracy": 0.7311065782763896,
            "macro avg": {
                "precision": 0.7305019295775996,
                "recall": 0.7290899214892237,
                "f1-score": 0.729504872511693,
                "support": 19610
            },
            "weighted avg": {
                "precision": 0.7308587296527549,
                "recall": 0.7311065782763896,
                "f1-score": 0.7306936799712426,
                "support": 19610
            },
            "roc_auc": 0.8106838783535617,
            "score": 0.7311065782763896
        }
    }
}
