{
    "program": "bin/ensemble.py",
    "config": {
        "seeds": [
            10,
            11,
            12,
            13,
            14
        ]
    },
    "single_model_program": "bin/train0___bd8dc562d24541daacb3cc84ceaf4508.py",
    "data": "data/covtype",
    "prediction_type": "probs",
    "metrics": {
        "train": {
            "0": {
                "precision": 0.9949050246232458,
                "recall": 0.9909203558099396,
                "f1-score": 0.992908692487057,
                "support": 135578
            },
            "1": {
                "precision": 0.9932057368887226,
                "recall": 0.9957200847158489,
                "f1-score": 0.994461321516017,
                "support": 181312
            },
            "2": {
                "precision": 0.9950991117139981,
                "recall": 0.9938379512280395,
                "f1-score": 0.9944681316278561,
                "support": 22882
            },
            "3": {
                "precision": 0.9757199322416714,
                "recall": 0.9823763501989767,
                "f1-score": 0.9790368271954676,
                "support": 1759
            },
            "4": {
                "precision": 0.9817283950617284,
                "recall": 0.9817283950617284,
                "f1-score": 0.9817283950617284,
                "support": 6075
            },
            "5": {
                "precision": 0.9910007199424046,
                "recall": 0.9907332433648223,
                "f1-score": 0.9908669636028254,
                "support": 11115
            },
            "6": {
                "precision": 0.9875283446712018,
                "recall": 0.995352735029712,
                "f1-score": 0.9914251024434664,
                "support": 13126
            },
            "accuracy": 0.9934005115006979,
            "macro avg": {
                "precision": 0.9884553235918533,
                "recall": 0.9900955879155812,
                "f1-score": 0.9892707762763455,
                "support": 371847
            },
            "weighted avg": {
                "precision": 0.993405274977357,
                "recall": 0.9934005115006979,
                "f1-score": 0.9934000371087734,
                "support": 371847
            },
            "score": 0.9934005115006979
        },
        "val": {
            "0": {
                "precision": 0.9769991976464295,
                "recall": 0.9699946893255443,
                "f1-score": 0.9734843437708195,
                "support": 33894
            },
            "1": {
                "precision": 0.9758485926316252,
                "recall": 0.9805418284504059,
                "f1-score": 0.9781895811783349,
                "support": 45328
            },
            "2": {
                "precision": 0.9713637157324952,
                "recall": 0.9723824506205209,
                "f1-score": 0.9718728162124388,
                "support": 5721
            },
            "3": {
                "precision": 0.9119638826185101,
                "recall": 0.9202733485193622,
                "f1-score": 0.9160997732426304,
                "support": 439
            },
            "4": {
                "precision": 0.9184350132625995,
                "recall": 0.9117840684660962,
                "f1-score": 0.9150974562272877,
                "support": 1519
            },
            "5": {
                "precision": 0.9556116925297726,
                "recall": 0.9528607412738395,
                "f1-score": 0.9542342342342343,
                "support": 2779
            },
            "6": {
                "precision": 0.962605548854041,
                "recall": 0.9725776965265083,
                "f1-score": 0.9675659290694151,
                "support": 3282
            },
            "accuracy": 0.9736774165788171,
            "macro avg": {
                "precision": 0.9532610918964962,
                "recall": 0.9543449747403253,
                "f1-score": 0.9537920191335943,
                "support": 92962
            },
            "weighted avg": {
                "precision": 0.9736797709175214,
                "recall": 0.9736774165788171,
                "f1-score": 0.9736699857745812,
                "support": 92962
            },
            "score": 0.9736774165788171
        },
        "test": {
            "0": {
                "precision": 0.9763360049468452,
                "recall": 0.9689388217522659,
                "f1-score": 0.9726233489308772,
                "support": 42368
            },
            "1": {
                "precision": 0.9739847381808613,
                "recall": 0.9798979897989799,
                "f1-score": 0.9769324160259004,
                "support": 56661
            },
            "2": {
                "precision": 0.9687325516471245,
                "recall": 0.970493637253531,
                "f1-score": 0.9696122947956689,
                "support": 7151
            },
            "3": {
                "precision": 0.9051094890510949,
                "recall": 0.9034608378870674,
                "f1-score": 0.9042844120328167,
                "support": 549
            },
            "4": {
                "precision": 0.9160387513455328,
                "recall": 0.8962611901000527,
                "f1-score": 0.9060420548309823,
                "support": 1899
            },
            "5": {
                "precision": 0.952076677316294,
                "recall": 0.9438525770227469,
                "f1-score": 0.9479467900520533,
                "support": 3473
            },
            "6": {
                "precision": 0.9671338811019816,
                "recall": 0.9756216479765968,
                "f1-score": 0.9713592233009709,
                "support": 4102
            },
            "accuracy": 0.972367322702512,
            "macro avg": {
                "precision": 0.9513445847985336,
                "recall": 0.9483609573987487,
                "f1-score": 0.9498286485670385,
                "support": 116203
            },
            "weighted avg": {
                "precision": 0.9723498340264567,
                "recall": 0.972367322702512,
                "f1-score": 0.9723460834246291,
                "support": 116203
            },
            "score": 0.972367322702512
        }
    }
}
