{
    "dataset": "higgs_small",
    "algorithm": "ft_transformer",
    "config": {
        "data": {
            "normalization": "quantile",
            "path": "data/higgs_small"
        },
        "model": {
            "activation": "reglu",
            "attention_dropout": 0.2,
            "d_ffn_factor": 1.333333333333333,
            "d_token": 192,
            "ffn_dropout": 0.1,
            "initialization": "kaiming",
            "n_heads": 8,
            "n_layers": 3,
            "prenormalization": true,
            "residual_dropout": 0.0
        },
        "seed": 0,
        "training": {
            "batch_size": 512,
            "eval_batch_size": 8192,
            "lr": 0.0001,
            "lr_n_decays": 0,
            "n_epochs": 1000000000,
            "optimizer": "adamw",
            "patience": 16,
            "weight_decay": 1e-05
        }
    },
    "environment": {
        "devices": {
            "CUDA_VISIBLE_DEVICES": "0",
            "torch.version.cuda": "10.1",
            "torch.backends.cudnn.version()": 7603,
            "torch.cuda.nccl.version()": 2708,
            "driver": "450.80.02",
            "0": {
                "name": "Tesla V100-PCIE-32GB",
                "total_memory": 34089730048
            }
        }
    },
    "epoch_size": 123,
    "n_parameters": 900859,
    "best_epoch": 28,
    "metrics": {
        "train": {
            "0": {
                "precision": 0.7632491332342743,
                "recall": 0.7813873301331891,
                "f1-score": 0.7722117360148328,
                "support": 29582
            },
            "1": {
                "precision": 0.8008131333353867,
                "recall": 0.7838408200180886,
                "f1-score": 0.7922360863537334,
                "support": 33170
            },
            "accuracy": 0.782684217236104,
            "macro avg": {
                "precision": 0.7820311332848305,
                "recall": 0.7826140750756388,
                "f1-score": 0.7822239111842831,
                "support": 62752
            },
            "weighted avg": {
                "precision": 0.7831050403504444,
                "recall": 0.782684217236104,
                "f1-score": 0.7827963819343466,
                "support": 62752
            },
            "roc_auc": 0.8700136019412437,
            "pr_auc": 0.8824367425663858,
            "score": 0.782684217236104
        },
        "val": {
            "0": {
                "precision": 0.7154978125414292,
                "recall": 0.7297187669010275,
                "f1-score": 0.7225383225115469,
                "support": 7396
            },
            "1": {
                "precision": 0.7545733578882751,
                "recall": 0.741196333815726,
                "f1-score": 0.7478250288982174,
                "support": 8292
            },
            "accuracy": 0.7357853136155023,
            "macro avg": {
                "precision": 0.7350355852148521,
                "recall": 0.7354575503583768,
                "f1-score": 0.7351816757048821,
                "support": 15688
            },
            "weighted avg": {
                "precision": 0.7361514600437269,
                "recall": 0.7357853136155023,
                "f1-score": 0.7359037846073062,
                "support": 15688
            },
            "roc_auc": 0.8143013821241295,
            "pr_auc": 0.8277938685476635,
            "score": 0.7357853136155023
        },
        "test": {
            "0": {
                "precision": 0.7001362540614191,
                "recall": 0.7225527312060573,
                "f1-score": 0.7111678909826465,
                "support": 9245
            },
            "1": {
                "precision": 0.745257721720131,
                "recall": 0.7239749155812831,
                "f1-score": 0.7344621708916512,
                "support": 10365
            },
            "accuracy": 0.7233044365119837,
            "macro avg": {
                "precision": 0.7226969878907751,
                "recall": 0.7232638233936702,
                "f1-score": 0.7228150309371488,
                "support": 19610
            },
            "weighted avg": {
                "precision": 0.7239855152690963,
                "recall": 0.7233044365119837,
                "f1-score": 0.7234802423980894,
                "support": 19610
            },
            "roc_auc": 0.8053171620909805,
            "pr_auc": 0.8217271138661502,
            "score": 0.7233044365119837
        }
    },
    "time": "0:02:55"
}
