{
    "dataset": "higgs_small",
    "algorithm": "mlp",
    "config": {
        "data": {
            "normalization": "quantile_normal",
            "path": "data/higgs_small"
        },
        "model": {
            "d_layers": [
                111,
                332
            ],
            "dropout": 0.3190004413749241
        },
        "seed": 8,
        "training": {
            "batch_size": 512,
            "eval_batch_size": 8192,
            "lr": 0.002821010166764868,
            "n_epochs": 1000000000,
            "optimizer": "adamw",
            "patience": 16,
            "weight_decay": 0.0001676915104434935
        }
    },
    "environment": {
        "devices": {
            "CUDA_VISIBLE_DEVICES": "0",
            "torch.version.cuda": "10.1",
            "torch.backends.cudnn.version()": 7603,
            "torch.cuda.nccl.version()": 2708,
            "driver": "450.80.02",
            "0": {
                "name": "Tesla V100-PCIE-32GB",
                "total_memory": 34089730048
            }
        }
    },
    "epoch_size": 123,
    "n_parameters": 40736,
    "best_epoch": 46,
    "metrics": {
        "train": {
            "0": {
                "precision": 0.7515383054973291,
                "recall": 0.751436684470286,
                "f1-score": 0.7514874915483436,
                "support": 29582
            },
            "1": {
                "precision": 0.7783505154639175,
                "recall": 0.7784443774495026,
                "f1-score": 0.7783974436271555,
                "support": 33170
            },
            "accuracy": 0.7657126466088731,
            "macro avg": {
                "precision": 0.7649444104806233,
                "recall": 0.7649405309598942,
                "f1-score": 0.7649424675877495,
                "support": 62752
            },
            "weighted avg": {
                "precision": 0.7657109375184876,
                "recall": 0.7657126466088731,
                "f1-score": 0.7657117889484933,
                "support": 62752
            },
            "roc_auc": 0.7649405309598943,
            "score": 0.7649405309598943
        },
        "val": {
            "0": {
                "precision": 0.7142665773610181,
                "recall": 0.7209302325581395,
                "f1-score": 0.7175829351995154,
                "support": 7396
            },
            "1": {
                "precision": 0.748996716526815,
                "recall": 0.7427641099855282,
                "f1-score": 0.7458673932788373,
                "support": 8292
            },
            "accuracy": 0.7324706782253952,
            "macro avg": {
                "precision": 0.7316316469439166,
                "recall": 0.7318471712718339,
                "f1-score": 0.7317251642391764,
                "support": 15688
            },
            "weighted avg": {
                "precision": 0.7326234306222871,
                "recall": 0.7324706782253952,
                "f1-score": 0.7325328795132418,
                "support": 15688
            },
            "roc_auc": 0.7318471712718339,
            "score": 0.7318471712718339
        },
        "test": {
            "0": {
                "precision": 0.7035564628774041,
                "recall": 0.7082747431043808,
                "f1-score": 0.7059077188443295,
                "support": 9245
            },
            "1": {
                "precision": 0.7382315830340678,
                "recall": 0.7338157260009648,
                "f1-score": 0.73601703115928,
                "support": 10365
            },
            "accuracy": 0.7217746047934727,
            "macro avg": {
                "precision": 0.7208940229557359,
                "recall": 0.7210452345526728,
                "f1-score": 0.7209623750018047,
                "support": 19610
            },
            "weighted avg": {
                "precision": 0.7218842354640344,
                "recall": 0.7217746047934727,
                "f1-score": 0.721822202380508,
                "support": 19610
            },
            "roc_auc": 0.7210452345526728,
            "score": 0.7210452345526728
        }
    },
    "time": "00h 00m 35s"
}
