{
    "dataset": "covtype",
    "algorithm": "node",
    "config": {
        "data": {
            "normalization": "quantile",
            "path": "data/covtype"
        },
        "model": {
            "bin_function": "entmoid15",
            "choice_function": "entmax15",
            "depth": 6,
            "layer_dim": 128,
            "num_layers": 8,
            "tree_dim": 7
        },
        "seed": 14,
        "training": {
            "eval_batch_size": 8192,
            "lr": 0.001,
            "lr_n_decays": 0,
            "n_epochs": 1000000000,
            "optimizer": "adam",
            "patience": 16,
            "weight_decay": 0.0
        }
    },
    "environment": {
        "devices": {
            "CUDA_VISIBLE_DEVICES": "0,1",
            "torch.version.cuda": "10.1",
            "torch.backends.cudnn.version()": 7603,
            "torch.cuda.nccl.version()": 2708,
            "driver": "418.67",
            "0": {
                "name": "Tesla V100-PCIE-32GB",
                "total_memory": 34058272768
            },
            "1": {
                "name": "Tesla V100-PCIE-32GB",
                "total_memory": 34058272768
            }
        }
    },
    "batch_size": 1024,
    "epoch_size": 364,
    "chunk_sizes": {},
    "eval_batch_sizes": {},
    "n_parameters": 20070400,
    "metrics": {
        "val": {
            "0": {
                "precision": 0.9500668747213553,
                "recall": 0.9430872720835546,
                "f1-score": 0.9465642073468662,
                "support": 33894
            },
            "1": {
                "precision": 0.9532986910478195,
                "recall": 0.959208436286622,
                "f1-score": 0.9562444329590817,
                "support": 45328
            },
            "2": {
                "precision": 0.9486013986013986,
                "recall": 0.948435588183884,
                "f1-score": 0.9485184861463158,
                "support": 5721
            },
            "3": {
                "precision": 0.8574660633484162,
                "recall": 0.8633257403189066,
                "f1-score": 0.8603859250851306,
                "support": 439
            },
            "4": {
                "precision": 0.8562793821356616,
                "recall": 0.8393680052666228,
                "f1-score": 0.8477393617021277,
                "support": 1519
            },
            "5": {
                "precision": 0.9098837209302325,
                "recall": 0.9010435408420295,
                "f1-score": 0.9054420538781414,
                "support": 2779
            },
            "6": {
                "precision": 0.9482602118003026,
                "recall": 0.9549055453991468,
                "f1-score": 0.9515712767572493,
                "support": 3282
            },
            "accuracy": 0.9483659990103483,
            "macro avg": {
                "precision": 0.9176937632264552,
                "recall": 0.9156248754829667,
                "f1-score": 0.9166379634107018,
                "support": 92962
            },
            "weighted avg": {
                "precision": 0.9483177123974045,
                "recall": 0.9483659990103483,
                "f1-score": 0.9483302324585267,
                "support": 92962
            },
            "score": 0.9483659990103483
        },
        "test": {
            "0": {
                "precision": 0.9489914708607541,
                "recall": 0.9427870090634441,
                "f1-score": 0.9458790655821169,
                "support": 42368
            },
            "1": {
                "precision": 0.9518890097169116,
                "recall": 0.957819311342899,
                "f1-score": 0.9548449527160765,
                "support": 56661
            },
            "2": {
                "precision": 0.9471402601034821,
                "recall": 0.9471402601034821,
                "f1-score": 0.9471402601034821,
                "support": 7151
            },
            "3": {
                "precision": 0.8286713286713286,
                "recall": 0.8633879781420765,
                "f1-score": 0.8456735057983943,
                "support": 549
            },
            "4": {
                "precision": 0.8661461238148355,
                "recall": 0.817798841495524,
                "f1-score": 0.8412784398699891,
                "support": 1899
            },
            "5": {
                "precision": 0.9074127487741563,
                "recall": 0.9058450906996832,
                "f1-score": 0.906628242074928,
                "support": 3473
            },
            "6": {
                "precision": 0.9482381530984204,
                "recall": 0.9512432959531936,
                "f1-score": 0.9497383473287088,
                "support": 4102
            },
            "accuracy": 0.9471614330094748,
            "macro avg": {
                "precision": 0.914069870719984,
                "recall": 0.9122888266857575,
                "f1-score": 0.9130261162105279,
                "support": 116203
            },
            "weighted avg": {
                "precision": 0.9470988119589483,
                "recall": 0.9471614330094748,
                "f1-score": 0.9471087942126601,
                "support": 116203
            },
            "score": 0.9471614330094748
        }
    },
    "time": "4:52:46"
}
