{
    "config": {
        "data": {
            "path": "data/epsilon"
        },
        "fit": {
            "early_stopping_rounds": 50,
            "verbose": false
        },
        "model": {
            "alpha": 21.93689538981808,
            "booster": "gbtree",
            "colsample_bylevel": 0.629214380289106,
            "colsample_bytree": 0.7881305154050309,
            "gamma": 0,
            "lambda": 24.08273113769163,
            "learning_rate": 0.0676783587194887,
            "max_depth": 6,
            "min_child_weight": 0.0006768725768542355,
            "n_estimators": 2000,
            "n_jobs": -1,
            "subsample": 0.8936615159471987,
            "tree_method": "gpu_hist"
        },
        "seed": 8
    },
    "environment": {
        "devices": {
            "CUDA_VISIBLE_DEVICES": "0",
            "torch.version.cuda": "10.1",
            "torch.backends.cudnn.version()": 7603,
            "torch.cuda.nccl.version()": 2708,
            "driver": "450.80.02",
            "0": {
                "name": "Tesla V100-PCIE-32GB",
                "total_memory": 34089730048
            }
        }
    },
    "dataset": "epsilon",
    "algorithm": "xgboost_",
    "metrics": {
        "train": {
            "0": {
                "precision": 0.9463892916062591,
                "recall": 0.9456919483957987,
                "f1-score": 0.946040491495037,
                "support": 160142
            },
            "1": {
                "precision": 0.9456355953393009,
                "recall": 0.9463336210887162,
                "f1-score": 0.945984479448714,
                "support": 159858
            },
            "accuracy": 0.9460125,
            "macro avg": {
                "precision": 0.9460124434727799,
                "recall": 0.9460127847422575,
                "f1-score": 0.9460124854718754,
                "support": 320000
            },
            "weighted avg": {
                "precision": 0.9460127779254984,
                "recall": 0.9460125,
                "f1-score": 0.946012510327221,
                "support": 320000
            },
            "roc_auc": 0.9879215015605141,
            "score": 0.9460125
        },
        "val": {
            "0": {
                "precision": 0.886098408176525,
                "recall": 0.885700012489072,
                "f1-score": 0.8858991655423974,
                "support": 40035
            },
            "1": {
                "precision": 0.8855513593277142,
                "recall": 0.8859502064306268,
                "f1-score": 0.8857507379796868,
                "support": 39965
            },
            "accuracy": 0.885825,
            "macro avg": {
                "precision": 0.8858248837521197,
                "recall": 0.8858251094598495,
                "f1-score": 0.8858249517610421,
                "support": 80000
            },
            "weighted avg": {
                "precision": 0.885825123085991,
                "recall": 0.885825,
                "f1-score": 0.8858250166981008,
                "support": 80000
            },
            "roc_auc": 0.9547285475265442,
            "score": 0.885825
        },
        "test": {
            "0": {
                "precision": 0.8839541547277937,
                "recall": 0.8876810870216805,
                "f1-score": 0.8858137007607103,
                "support": 50045
            },
            "1": {
                "precision": 0.887001447410743,
                "recall": 0.8832549294364929,
                "f1-score": 0.885124223913981,
                "support": 49955
            },
            "accuracy": 0.88547,
            "macro avg": {
                "precision": 0.8854778010692683,
                "recall": 0.8854680082290867,
                "f1-score": 0.8854689623373457,
                "support": 100000
            },
            "weighted avg": {
                "precision": 0.885476429787561,
                "recall": 0.88547,
                "f1-score": 0.8854692726019266,
                "support": 100000
            },
            "roc_auc": 0.9545850780139132,
            "score": 0.88547
        }
    }
}
