{
    "program": "bin/ensemble.py",
    "config": {
        "seeds": [
            10,
            11,
            12,
            13,
            14
        ]
    },
    "single_model_program": "bin/train3___61562943063d4fc38ee8e344aee05ec0.py",
    "data": "data/fb-comments",
    "prediction_type": null,
    "metrics": {
        "train": {
            "rmse": 1.147681607022471,
            "score": -1.147681607022471
        },
        "val": {
            "rmse": 5.088619556360412,
            "score": -5.088619556360412
        },
        "test": {
            "rmse": 5.294922508205965,
            "score": -5.294922508205965
        }
    }
}
