{
    "program": "bin/ensemble.py",
    "config": {
        "seeds": [
            10,
            11,
            12,
            13,
            14
        ]
    },
    "single_model_program": "bin/train3___6e23b3771edb47dfa52dfeca4bb4fb20.py",
    "data": "data/california",
    "prediction_type": null,
    "metrics": {
        "train": {
            "rmse": 0.3639354283173267,
            "score": -0.3639354283173267
        },
        "val": {
            "rmse": 0.463324528256907,
            "score": -0.463324528256907
        },
        "test": {
            "rmse": 0.4568409915999105,
            "score": -0.4568409915999105
        }
    }
}
