{
    "dataset": "epsilon",
    "algorithm": "grownet",
    "config": {
        "data": {
            "path": "data/epsilon"
        },
        "model": {
            "boost_rate": 1.0,
            "correct_epoch": 1,
            "epochs_per_stage": 2,
            "hidden_d": 376,
            "num_nets": 40,
            "sparse": false
        },
        "patience": 16,
        "seed": 9,
        "training": {
            "eval_batch_size": 8192,
            "lr": 0.006692557918512089,
            "lr_scaler": 3,
            "n_epochs": 1000000000,
            "weight_decay": 0.0008892897979667636
        }
    },
    "environment": {
        "devices": {
            "CUDA_VISIBLE_DEVICES": "1",
            "torch.version.cuda": "10.1",
            "torch.backends.cudnn.version()": 7603,
            "torch.cuda.nccl.version()": 2708,
            "driver": "450.51.06",
            "1": {
                "name": "GeForce RTX 2080 Ti",
                "total_memory": 11552096256
            }
        }
    },
    "batch_size": 1024,
    "epoch_size": 313,
    "metrics": {
        "train": {
            "0": {
                "precision": 0.8968140751307656,
                "recall": 0.9068326859911828,
                "f1-score": 0.9017955556659516,
                "support": 160142
            },
            "1": {
                "precision": 0.9056108408353314,
                "recall": 0.8954759849366313,
                "f1-score": 0.9005148980740862,
                "support": 159858
            },
            "accuracy": 0.901159375,
            "macro avg": {
                "precision": 0.9012124579830485,
                "recall": 0.9011543354639071,
                "f1-score": 0.9011552268700189,
                "support": 320000
            },
            "weighted avg": {
                "precision": 0.9012085544182672,
                "recall": 0.901159375,
                "f1-score": 0.9011557951618253,
                "support": 320000
            },
            "roc_auc": 0.9661719811481182,
            "pr_auc": 0.9667153308638768,
            "score": 0.901159375
        },
        "val": {
            "0": {
                "precision": 0.8932621747831888,
                "recall": 0.9030348445110529,
                "f1-score": 0.8981219257713519,
                "support": 40035
            },
            "1": {
                "precision": 0.9017886507956586,
                "recall": 0.8919054172400851,
                "f1-score": 0.8968198057666181,
                "support": 39965
            },
            "accuracy": 0.897475,
            "macro avg": {
                "precision": 0.8975254127894237,
                "recall": 0.897470130875569,
                "f1-score": 0.8974708657689849,
                "support": 80000
            },
            "weighted avg": {
                "precision": 0.8975216824561681,
                "recall": 0.897475,
                "f1-score": 0.8974714354464871,
                "support": 80000
            },
            "roc_auc": 0.962787168696426,
            "pr_auc": 0.96313436325914,
            "score": 0.897475
        },
        "test": {
            "0": {
                "precision": 0.8922412092032046,
                "recall": 0.9035268258567289,
                "f1-score": 0.897848554947728,
                "support": 50045
            },
            "1": {
                "precision": 0.9021126475001013,
                "recall": 0.890681613452107,
                "f1-score": 0.8963606877725958,
                "support": 49955
            },
            "accuracy": 0.89711,
            "macro avg": {
                "precision": 0.897176928351653,
                "recall": 0.8971042196544179,
                "f1-score": 0.8971046213601619,
                "support": 100000
            },
            "weighted avg": {
                "precision": 0.8971724862044194,
                "recall": 0.89711,
                "f1-score": 0.8971052909003907,
                "support": 100000
            },
            "roc_auc": 0.9626894013784151,
            "pr_auc": 0.963167097822651,
            "score": 0.89711
        }
    },
    "time": "0:11:11"
}
