{
    "program": "bin/ensemble.py",
    "config": {
        "seeds": [
            10,
            11,
            12,
            13,
            14
        ]
    },
    "single_model_program": "bin/train3___6c87c036fcba4f24af7f6caa2f3846f7.py",
    "data": "data/covtype",
    "prediction_type": "probs",
    "metrics": {
        "train": {
            "0": {
                "precision": 0.9975150791192909,
                "recall": 0.9978093791028043,
                "f1-score": 0.9976622074071889,
                "support": 135578
            },
            "1": {
                "precision": 0.998597421242994,
                "recall": 0.9974022679138722,
                "f1-score": 0.9979994867648805,
                "support": 181312
            },
            "2": {
                "precision": 0.9986880083967462,
                "recall": 0.9979896862162398,
                "f1-score": 0.9983387251901723,
                "support": 22882
            },
            "3": {
                "precision": 0.9948921679909194,
                "recall": 0.9965889710062535,
                "f1-score": 0.9957398466344788,
                "support": 1759
            },
            "4": {
                "precision": 0.9793114595118797,
                "recall": 0.9973662551440329,
                "f1-score": 0.9882564018920241,
                "support": 6075
            },
            "5": {
                "precision": 0.9956946811373217,
                "recall": 0.998740440845704,
                "f1-score": 0.997215235357528,
                "support": 11115
            },
            "6": {
                "precision": 0.9951404707668945,
                "recall": 0.9984763065671187,
                "f1-score": 0.9968055978095528,
                "support": 13126
            },
            "accuracy": 0.9976603280381448,
            "macro avg": {
                "precision": 0.9942627554522924,
                "recall": 0.997767615256575,
                "f1-score": 0.9960025001508322,
                "support": 371847
            },
            "weighted avg": {
                "precision": 0.9976669616415825,
                "recall": 0.9976603280381448,
                "f1-score": 0.9976619363865749,
                "support": 371847
            },
            "score": 0.9976603280381448
        },
        "val": {
            "0": {
                "precision": 0.9759775711966947,
                "recall": 0.9757184162388624,
                "f1-score": 0.975847976511899,
                "support": 33894
            },
            "1": {
                "precision": 0.9809317347254789,
                "recall": 0.978291563713378,
                "f1-score": 0.9796098703249607,
                "support": 45328
            },
            "2": {
                "precision": 0.973421926910299,
                "recall": 0.9730816290858242,
                "f1-score": 0.9732517482517483,
                "support": 5721
            },
            "3": {
                "precision": 0.9203747072599532,
                "recall": 0.8952164009111617,
                "f1-score": 0.907621247113164,
                "support": 439
            },
            "4": {
                "precision": 0.8993033565547816,
                "recall": 0.934825543120474,
                "f1-score": 0.9167204648160103,
                "support": 1519
            },
            "5": {
                "precision": 0.9472566371681416,
                "recall": 0.9629363080244693,
                "f1-score": 0.955032119914347,
                "support": 2779
            },
            "6": {
                "precision": 0.9662752183077387,
                "recall": 0.97775746496039,
                "f1-score": 0.9719824322277753,
                "support": 3282
            },
            "accuracy": 0.9754523353628364,
            "macro avg": {
                "precision": 0.9519344503032983,
                "recall": 0.9568324751506513,
                "f1-score": 0.9542951227371292,
                "support": 92962
            },
            "weighted avg": {
                "precision": 0.9755193742593876,
                "recall": 0.9754523353628364,
                "f1-score": 0.9754754145466331,
                "support": 92962
            },
            "score": 0.9754523353628364
        },
        "test": {
            "0": {
                "precision": 0.9754715644845251,
                "recall": 0.9752643504531722,
                "f1-score": 0.9753679464633469,
                "support": 42368
            },
            "1": {
                "precision": 0.9799985852226506,
                "recall": 0.9780095656624486,
                "f1-score": 0.9790030651814817,
                "support": 56661
            },
            "2": {
                "precision": 0.9723347771412603,
                "recall": 0.9731506083065306,
                "f1-score": 0.9727425216662007,
                "support": 7151
            },
            "3": {
                "precision": 0.9237918215613383,
                "recall": 0.9052823315118397,
                "f1-score": 0.9144434222631095,
                "support": 549
            },
            "4": {
                "precision": 0.9016477857878475,
                "recall": 0.9220642443391258,
                "f1-score": 0.9117417339234574,
                "support": 1899
            },
            "5": {
                "precision": 0.9476217440543602,
                "recall": 0.9637201266916211,
                "f1-score": 0.9556031406138472,
                "support": 3473
            },
            "6": {
                "precision": 0.9706950835553403,
                "recall": 0.977084349098001,
                "f1-score": 0.9738792370307374,
                "support": 4102
            },
            "accuracy": 0.9749920397924322,
            "macro avg": {
                "precision": 0.9530801945439032,
                "recall": 0.9563679394375341,
                "f1-score": 0.9546830095917401,
                "support": 116203
            },
            "weighted avg": {
                "precision": 0.9750343577860401,
                "recall": 0.9749920397924322,
                "f1-score": 0.9750079854533625,
                "support": 116203
            },
            "score": 0.9749920397924322
        }
    }
}
