{
    "dataset": "higgs_small",
    "algorithm": "ft_transformer",
    "config": {
        "data": {
            "normalization": "quantile",
            "path": "data/higgs_small"
        },
        "model": {
            "activation": "reglu",
            "attention_dropout": 0.2285776112227358,
            "d_ffn_factor": 2.44721762662163,
            "d_token": 264,
            "ffn_dropout": 0.3224216086083693,
            "initialization": "kaiming",
            "n_heads": 8,
            "n_layers": 2,
            "prenormalization": true,
            "residual_dropout": 0.0
        },
        "seed": 2,
        "training": {
            "batch_size": 512,
            "eval_batch_size": 8192,
            "lr": 2.520396383745548e-05,
            "n_epochs": 1000000000,
            "optimizer": "adamw",
            "patience": 16,
            "weight_decay": 1.871343748594096e-05
        }
    },
    "environment": {
        "devices": {
            "CUDA_VISIBLE_DEVICES": "0",
            "torch.version.cuda": "10.1",
            "torch.backends.cudnn.version()": 7603,
            "torch.cuda.nccl.version()": 2708,
            "driver": "450.80.02",
            "0": {
                "name": "Tesla V100-PCIE-32GB",
                "total_memory": 34089730048
            }
        }
    },
    "epoch_size": 123,
    "n_parameters": 1603481,
    "best_epoch": 82,
    "metrics": {
        "train": {
            "0": {
                "precision": 0.756414273281114,
                "recall": 0.73450070989115,
                "f1-score": 0.7452964481108614,
                "support": 29582
            },
            "1": {
                "precision": 0.7691832956181855,
                "recall": 0.7890563762435936,
                "f1-score": 0.77899310981145,
                "support": 33170
            },
            "accuracy": 0.7633382202957675,
            "macro avg": {
                "precision": 0.7627987844496498,
                "recall": 0.7617785430673718,
                "f1-score": 0.7621447789611557,
                "support": 62752
            },
            "weighted avg": {
                "precision": 0.7631638345846686,
                "recall": 0.7633382202957675,
                "f1-score": 0.7631081237324914,
                "support": 62752
            },
            "roc_auc": 0.8491602724623728,
            "pr_auc": 0.8632683950810557,
            "score": 0.7633382202957675
        },
        "val": {
            "0": {
                "precision": 0.7330063069376314,
                "recall": 0.7071389940508382,
                "f1-score": 0.7198403413392059,
                "support": 7396
            },
            "1": {
                "precision": 0.7467555243774114,
                "recall": 0.7702604920405209,
                "f1-score": 0.7583259127337489,
                "support": 8292
            },
            "accuracy": 0.7405022947475778,
            "macro avg": {
                "precision": 0.7398809156575215,
                "recall": 0.7386997430456796,
                "f1-score": 0.7390831270364775,
                "support": 15688
            },
            "weighted avg": {
                "precision": 0.7402735501178108,
                "recall": 0.7405022947475778,
                "f1-score": 0.7401821540625326,
                "support": 15688
            },
            "roc_auc": 0.8184665029949306,
            "pr_auc": 0.8329082005181139,
            "score": 0.7405022947475778
        },
        "test": {
            "0": {
                "precision": 0.7218587113230565,
                "recall": 0.7040562466197945,
                "f1-score": 0.7128463476070529,
                "support": 9245
            },
            "1": {
                "precision": 0.7417162276975361,
                "recall": 0.7580318379160637,
                "f1-score": 0.7497852848554252,
                "support": 10365
            },
            "accuracy": 0.7325854156042835,
            "macro avg": {
                "precision": 0.7317874695102963,
                "recall": 0.7310440422679291,
                "f1-score": 0.731315816231239,
                "support": 19610
            },
            "weighted avg": {
                "precision": 0.7323545378004395,
                "recall": 0.7325854156042835,
                "f1-score": 0.7323706762444511,
                "support": 19610
            },
            "roc_auc": 0.8120144785632684,
            "pr_auc": 0.8274229785262048,
            "score": 0.7325854156042835
        }
    },
    "time": "0:04:54"
}
