{
    "program": "bin/ensemble.py",
    "config": {
        "seeds": [
            5,
            6,
            7,
            8,
            9
        ]
    },
    "single_model_program": "bin/train3___ae5bcbde59e44c3a92cdb489b98d4860.py",
    "data": "data/eye",
    "prediction_type": "probs",
    "metrics": {
        "train": {
            "0": {
                "precision": 1.0,
                "recall": 1.0,
                "f1-score": 1.0,
                "support": 2434
            },
            "1": {
                "precision": 1.0,
                "recall": 1.0,
                "f1-score": 1.0,
                "support": 2727
            },
            "2": {
                "precision": 1.0,
                "recall": 1.0,
                "f1-score": 1.0,
                "support": 1837
            },
            "accuracy": 1.0,
            "macro avg": {
                "precision": 1.0,
                "recall": 1.0,
                "f1-score": 1.0,
                "support": 6998
            },
            "weighted avg": {
                "precision": 1.0,
                "recall": 1.0,
                "f1-score": 1.0,
                "support": 6998
            },
            "score": 1.0
        },
        "val": {
            "0": {
                "precision": 0.7372488408037094,
                "recall": 0.7832512315270936,
                "f1-score": 0.7595541401273885,
                "support": 609
            },
            "1": {
                "precision": 0.7663690476190477,
                "recall": 0.7551319648093842,
                "f1-score": 0.7607090103397341,
                "support": 682
            },
            "2": {
                "precision": 0.8654292343387471,
                "recall": 0.8126361655773421,
                "f1-score": 0.8382022471910112,
                "support": 459
            },
            "accuracy": 0.78,
            "macro avg": {
                "precision": 0.7896823742538347,
                "recall": 0.7836731206379399,
                "f1-score": 0.7861551325527113,
                "support": 1750
            },
            "weighted avg": {
                "precision": 0.7822172874783625,
                "recall": 0.78,
                "f1-score": 0.7806324844856871,
                "support": 1750
            },
            "score": 0.78
        },
        "test": {
            "0": {
                "precision": 0.7117346938775511,
                "recall": 0.7332457293035479,
                "f1-score": 0.7223300970873786,
                "support": 761
            },
            "1": {
                "precision": 0.7403381642512077,
                "recall": 0.7186400937866354,
                "f1-score": 0.7293277810826888,
                "support": 853
            },
            "2": {
                "precision": 0.8142361111111112,
                "recall": 0.8170731707317073,
                "f1-score": 0.8156521739130435,
                "support": 574
            },
            "accuracy": 0.7495429616087751,
            "macro avg": {
                "precision": 0.7554363230799567,
                "recall": 0.7563196646072968,
                "f1-score": 0.755770017361037,
                "support": 2188
            },
            "weighted avg": {
                "precision": 0.7497760895451894,
                "recall": 0.7495429616087751,
                "f1-score": 0.7495402874648609,
                "support": 2188
            },
            "score": 0.7495429616087751
        }
    }
}
