{
    "config": {
        "data": {
            "path": "data/higgs_small"
        },
        "fit": {
            "logging_level": "Verbose"
        },
        "model": {
            "bagging_temperature": 0.2762051354652655,
            "depth": 9,
            "early_stopping_rounds": 50,
            "iterations": 2000,
            "l2_leaf_reg": 5.6958564294846,
            "leaf_estimation_iterations": 8,
            "learning_rate": 0.04558033669158746,
            "metric_period": 10,
            "od_pval": 0.001,
            "task_type": "CPU",
            "thread_count": 10
        },
        "seed": 10
    },
    "environment": {},
    "dataset": "higgs_small",
    "algorithm": "catboost_",
    "metrics": {
        "train": {
            "0": {
                "precision": 0.9639045283409899,
                "recall": 0.9433439253600162,
                "f1-score": 0.9535134026959151,
                "support": 29582
            },
            "1": {
                "precision": 0.9504156681754977,
                "recall": 0.9684956285800422,
                "f1-score": 0.9593704737871617,
                "support": 33170
            },
            "accuracy": 0.9566388322284549,
            "macro avg": {
                "precision": 0.9571600982582438,
                "recall": 0.9559197769700292,
                "f1-score": 0.9564419382415383,
                "support": 62752
            },
            "weighted avg": {
                "precision": 0.9567744688737319,
                "recall": 0.9566388322284549,
                "f1-score": 0.9566093844669606,
                "support": 62752
            },
            "roc_auc": 0.9914158274877575,
            "score": 0.9566388322284549
        },
        "val": {
            "0": {
                "precision": 0.7234869516935036,
                "recall": 0.7047052460789616,
                "f1-score": 0.713972602739726,
                "support": 7396
            },
            "1": {
                "precision": 0.7425742574257426,
                "recall": 0.7597684515195369,
                "f1-score": 0.7510729613733905,
                "support": 8292
            },
            "accuracy": 0.7338092809790923,
            "macro avg": {
                "precision": 0.7330306045596231,
                "recall": 0.7322368487992492,
                "f1-score": 0.7325227820565583,
                "support": 15688
            },
            "weighted avg": {
                "precision": 0.7335756780532515,
                "recall": 0.7338092809790923,
                "f1-score": 0.7335822517574686,
                "support": 15688
            },
            "roc_auc": 0.8117433100955209,
            "score": 0.7338092809790923
        },
        "test": {
            "0": {
                "precision": 0.7135933024895351,
                "recall": 0.7007030827474311,
                "f1-score": 0.7070894504175081,
                "support": 9245
            },
            "1": {
                "precision": 0.7372768704899354,
                "recall": 0.749155812831645,
                "f1-score": 0.7431688759152031,
                "support": 10365
            },
            "accuracy": 0.7263131055583886,
            "macro avg": {
                "precision": 0.7254350864897352,
                "recall": 0.724929447789538,
                "f1-score": 0.7251291631663557,
                "support": 19610
            },
            "weighted avg": {
                "precision": 0.7261114147957131,
                "recall": 0.7263131055583887,
                "f1-score": 0.7261594782239135,
                "support": 19610
            },
            "roc_auc": 0.8050626132116108,
            "score": 0.7263131055583886
        }
    }
}
