{
    "dataset": "epsilon",
    "algorithm": "node",
    "config": {
        "source": "output/epsilon/node/tuned",
        "seeds": [
            5,
            6,
            7,
            8,
            9
        ],
        "count": 5
    },
    "metrics": {
        "val": {
            "0": {
                "precision": 0.8997083521898728,
                "recall": 0.8938428874734607,
                "f1-score": 0.8967660288939844,
                "support": 40035
            },
            "1": {
                "precision": 0.8943469397901854,
                "recall": 0.9001876642061805,
                "f1-score": 0.8972577970096396,
                "support": 39965
            },
            "accuracy": 0.8970125,
            "macro avg": {
                "precision": 0.897027645990029,
                "recall": 0.8970152758398207,
                "f1-score": 0.8970119129518119,
                "support": 80000
            },
            "weighted avg": {
                "precision": 0.8970299916079539,
                "recall": 0.8970125,
                "f1-score": 0.8970116978032613,
                "support": 80000
            },
            "roc_auc": 0.8970152758398207,
            "score": 0.8970152758398207
        },
        "test": {
            "0": {
                "precision": 0.8973404574653299,
                "recall": 0.8960135877710061,
                "f1-score": 0.8966765317549193,
                "support": 50045
            },
            "1": {
                "precision": 0.8959803314077834,
                "recall": 0.8973075768191372,
                "f1-score": 0.8966434629540726,
                "support": 49955
            },
            "accuracy": 0.89666,
            "macro avg": {
                "precision": 0.8966603944365567,
                "recall": 0.8966605822950717,
                "f1-score": 0.896659997354496,
                "support": 100000
            },
            "weighted avg": {
                "precision": 0.8966610064932826,
                "recall": 0.89666,
                "f1-score": 0.8966600122354563,
                "support": 100000
            },
            "roc_auc": 0.8966605822950716,
            "score": 0.8966605822950716
        }
    }
}
