{
    "program": "bin/ensemble.py",
    "config": {
        "seeds": [
            10,
            11,
            12,
            13,
            14
        ]
    },
    "single_model_program": "bin/train1___8c6ac4993a954c0fbc9c66dc2f37b4fa.py",
    "data": "data/house",
    "prediction_type": null,
    "metrics": {
        "train": {
            "rmse": 25008.46200662635,
            "score": -25008.46200662635
        },
        "val": {
            "rmse": 28042.996215915493,
            "score": -28042.996215915493
        },
        "test": {
            "rmse": 31789.40322596966,
            "score": -31789.40322596966
        }
    }
}
