{
    "dataset": "higgs_small",
    "algorithm": "node",
    "config": {
        "data": {
            "normalization": "quantile",
            "path": "data/higgs_small"
        },
        "model": {
            "bin_function": "entmoid15",
            "choice_function": "entmax15",
            "depth": 6,
            "layer_dim": 1024,
            "num_layers": 1,
            "tree_dim": 2
        },
        "seed": 0,
        "training": {
            "eval_batch_size": 8192,
            "lr": 0.001,
            "lr_n_decays": 0,
            "n_epochs": 1000000000,
            "optimizer": "adam",
            "patience": 16,
            "weight_decay": 0.0
        }
    },
    "environment": {
        "devices": {
            "CUDA_VISIBLE_DEVICES": "0",
            "torch.version.cuda": "10.1",
            "torch.backends.cudnn.version()": 7603,
            "torch.cuda.nccl.version()": 2708,
            "driver": "450.80.02",
            "0": {
                "name": "Tesla V100-PCIE-32GB",
                "total_memory": 34089730048
            }
        }
    },
    "batch_size": 512,
    "epoch_size": 123,
    "chunk_sizes": {},
    "eval_batch_sizes": {},
    "n_parameters": 315392,
    "best_epoch_0": 149,
    "metrics_0": {
        "val": {
            "0": {
                "precision": 0.7127094401307724,
                "recall": 0.7074094104921579,
                "f1-score": 0.7100495351835515,
                "support": 7396
            },
            "1": {
                "precision": 0.7407451779082305,
                "recall": 0.7456584659913169,
                "f1-score": 0.7431937015445639,
                "support": 8292
            },
            "accuracy": 0.7276262111167772,
            "macro avg": {
                "precision": 0.7267273090195014,
                "recall": 0.7265339382417374,
                "f1-score": 0.7266216183640577,
                "support": 15688
            },
            "weighted avg": {
                "precision": 0.7275279216230393,
                "recall": 0.7276262111167772,
                "f1-score": 0.7275681116410678,
                "support": 15688
            },
            "roc_auc": 0.8053125791649676,
            "pr_auc": 0.8212786666100902,
            "score": 0.7276262111167772
        },
        "test": {
            "0": {
                "precision": 0.7060737527114967,
                "recall": 0.7041644131963224,
                "f1-score": 0.7051177904142973,
                "support": 9245
            },
            "1": {
                "precision": 0.7367661212704524,
                "recall": 0.738543174143753,
                "f1-score": 0.7376535774512166,
                "support": 10365
            },
            "accuracy": 0.72233554309026,
            "macro avg": {
                "precision": 0.7214199369909746,
                "recall": 0.7213537936700377,
                "f1-score": 0.721385683932757,
                "support": 19610
            },
            "weighted avg": {
                "precision": 0.7222964146244787,
                "recall": 0.72233554309026,
                "f1-score": 0.7223148038073451,
                "support": 19610
            },
            "roc_auc": 0.7999967231736584,
            "pr_auc": 0.8152463375421002,
            "score": 0.72233554309026
        }
    },
    "time_0": "0:15:38",
    "metrics": {
        "train": {
            "0": {
                "precision": 0.7412884582695903,
                "recall": 0.7371036441079034,
                "f1-score": 0.739190128311609,
                "support": 29582
            },
            "1": {
                "precision": 0.7667156612772595,
                "recall": 0.7705758215254749,
                "f1-score": 0.7686408949433895,
                "support": 33170
            },
            "accuracy": 0.7547966598674146,
            "macro avg": {
                "precision": 0.7540020597734249,
                "recall": 0.7538397328166891,
                "f1-score": 0.7539155116274993,
                "support": 62752
            },
            "weighted avg": {
                "precision": 0.7547289912209606,
                "recall": 0.7547966598674146,
                "f1-score": 0.7547574716500869,
                "support": 62752
            },
            "roc_auc": 0.8379431647633746,
            "pr_auc": 0.8518950557746499,
            "score": 0.7547966598674146
        },
        "val": {
            "0": {
                "precision": 0.7127094401307724,
                "recall": 0.7074094104921579,
                "f1-score": 0.7100495351835515,
                "support": 7396
            },
            "1": {
                "precision": 0.7407451779082305,
                "recall": 0.7456584659913169,
                "f1-score": 0.7431937015445639,
                "support": 8292
            },
            "accuracy": 0.7276262111167772,
            "macro avg": {
                "precision": 0.7267273090195014,
                "recall": 0.7265339382417374,
                "f1-score": 0.7266216183640577,
                "support": 15688
            },
            "weighted avg": {
                "precision": 0.7275279216230393,
                "recall": 0.7276262111167772,
                "f1-score": 0.7275681116410678,
                "support": 15688
            },
            "roc_auc": 0.8053125791649676,
            "pr_auc": 0.8212786666100902,
            "score": 0.7276262111167772
        },
        "test": {
            "0": {
                "precision": 0.7060737527114967,
                "recall": 0.7041644131963224,
                "f1-score": 0.7051177904142973,
                "support": 9245
            },
            "1": {
                "precision": 0.7367661212704524,
                "recall": 0.738543174143753,
                "f1-score": 0.7376535774512166,
                "support": 10365
            },
            "accuracy": 0.72233554309026,
            "macro avg": {
                "precision": 0.7214199369909746,
                "recall": 0.7213537936700377,
                "f1-score": 0.721385683932757,
                "support": 19610
            },
            "weighted avg": {
                "precision": 0.7222964146244787,
                "recall": 0.72233554309026,
                "f1-score": 0.7223148038073451,
                "support": 19610
            },
            "roc_auc": 0.7999967231736584,
            "pr_auc": 0.8152463375421002,
            "score": 0.72233554309026
        }
    },
    "time_final": "0:15:40"
}
