{
    "dataset": "higgs_small",
    "algorithm": "ft_transformer",
    "config": {
        "data": {
            "normalization": "quantile",
            "path": "data/higgs_small"
        },
        "model": {
            "activation": "reglu",
            "attention_dropout": 0.2,
            "d_ffn_factor": 1.333333333333333,
            "d_token": 192,
            "ffn_dropout": 0.1,
            "initialization": "kaiming",
            "n_heads": 8,
            "n_layers": 3,
            "prenormalization": true,
            "residual_dropout": 0.0
        },
        "seed": 5,
        "training": {
            "batch_size": 512,
            "eval_batch_size": 8192,
            "lr": 0.0001,
            "lr_n_decays": 0,
            "n_epochs": 1000000000,
            "optimizer": "adamw",
            "patience": 16,
            "weight_decay": 1e-05
        }
    },
    "environment": {
        "devices": {
            "CUDA_VISIBLE_DEVICES": "0",
            "torch.version.cuda": "10.1",
            "torch.backends.cudnn.version()": 7603,
            "torch.cuda.nccl.version()": 2708,
            "driver": "450.80.02",
            "0": {
                "name": "Tesla V100-PCIE-32GB",
                "total_memory": 34089730048
            }
        }
    },
    "epoch_size": 123,
    "n_parameters": 900859,
    "best_epoch": 31,
    "metrics": {
        "train": {
            "0": {
                "precision": 0.7936963766574487,
                "recall": 0.7567777702657021,
                "f1-score": 0.7747975358205856,
                "support": 29582
            },
            "1": {
                "precision": 0.7917269727320095,
                "recall": 0.8245703949351824,
                "f1-score": 0.8078149920255184,
                "support": 33170
            },
            "accuracy": 0.7926121876593575,
            "macro avg": {
                "precision": 0.7927116746947291,
                "recall": 0.7906740826004423,
                "f1-score": 0.791306263923052,
                "support": 62752
            },
            "weighted avg": {
                "precision": 0.7926553719371718,
                "recall": 0.7926121876593575,
                "f1-score": 0.792250191071695,
                "support": 62752
            },
            "roc_auc": 0.879475612130159,
            "pr_auc": 0.8903105992248918,
            "score": 0.7926121876593575
        },
        "val": {
            "0": {
                "precision": 0.7298105682951147,
                "recall": 0.6928069226608978,
                "f1-score": 0.7108274953180274,
                "support": 7396
            },
            "1": {
                "precision": 0.7378562362986039,
                "recall": 0.7712252773757838,
                "f1-score": 0.7541718261689959,
                "support": 8292
            },
            "accuracy": 0.7342554818969913,
            "macro avg": {
                "precision": 0.7338334022968593,
                "recall": 0.7320161000183408,
                "f1-score": 0.7324996607435117,
                "support": 15688
            },
            "weighted avg": {
                "precision": 0.7340631613015485,
                "recall": 0.7342554818969913,
                "f1-score": 0.7337374386770426,
                "support": 15688
            },
            "roc_auc": 0.815690013923903,
            "pr_auc": 0.8310370362836325,
            "score": 0.7342554818969913
        },
        "test": {
            "0": {
                "precision": 0.7173615857826384,
                "recall": 0.6811249323958897,
                "f1-score": 0.6987737890473283,
                "support": 9245
            },
            "1": {
                "precision": 0.7278434268833087,
                "recall": 0.7606367583212735,
                "f1-score": 0.7438788507807709,
                "support": 10365
            },
            "accuracy": 0.7231514533401325,
            "macro avg": {
                "precision": 0.7226025063329735,
                "recall": 0.7208808453585815,
                "f1-score": 0.7213263199140496,
                "support": 19610
            },
            "weighted avg": {
                "precision": 0.7229018347886785,
                "recall": 0.7231514533401325,
                "f1-score": 0.7226143787906802,
                "support": 19610
            },
            "roc_auc": 0.8059645961872456,
            "pr_auc": 0.8225536152126406,
            "score": 0.7231514533401325
        }
    },
    "time": "0:03:13"
}
