{
    "dataset": "data/higgs_small",
    "algorithm": "tabnet",
    "config": {
        "data": {
            "normalization": "quantile_normal",
            "path": "data/higgs_small"
        },
        "model": {
            "batch_momentum": 0.95,
            "feature_dim": 32,
            "num_decision_steps": 5,
            "relaxation_factor": 1.121881458325204,
            "virtual_batch_size": 256
        },
        "seed": 6,
        "training": {
            "batch_size": 8192,
            "display_steps": 100,
            "epochs": 50000,
            "grad_thresh": 2000.0,
            "patience": 16,
            "schedule": {
                "decay_rate": 0.8243004600632754,
                "decay_steps": 2000,
                "learning_rate": 0.001732396133745039
            },
            "sparsity_loss_weight": 0.0005892031632335643
        }
    },
    "environment": {
        "devices": {
            "CUDA_VISIBLE_DEVICES": "1",
            "torch.version.cuda": "10.2",
            "torch.backends.cudnn.version()": 7605,
            "torch.cuda.nccl.version()": 2708,
            "driver": "440.33.01",
            "1": {
                "name": "GeForce RTX 2080 Ti",
                "total_memory": 11552096256
            }
        }
    },
    "batch_size": 8192,
    "epoch_size": 7,
    "best_epoch": 33,
    "metrics": {
        "train": {
            "0": {
                "precision": 0.7518162809653754,
                "recall": 0.7171252788858089,
                "f1-score": 0.7340611429263483,
                "support": 29582
            },
            "1": {
                "precision": 0.7576950919357174,
                "recall": 0.7888754899005125,
                "f1-score": 0.7729709770327153,
                "support": 33170
            },
            "accuracy": 0.7550516318204997,
            "macro avg": {
                "precision": 0.7547556864505465,
                "recall": 0.7530003843931607,
                "f1-score": 0.7535160599795319,
                "support": 62752
            },
            "weighted avg": {
                "precision": 0.7549237541915076,
                "recall": 0.7550516318204997,
                "f1-score": 0.7546284427304691,
                "support": 62752
            },
            "roc_auc": 0.7530003843931607,
            "score": 0.7530003843931607
        },
        "val": {
            "0": {
                "precision": 0.7206091659550242,
                "recall": 0.684559221200649,
                "f1-score": 0.7021217584246291,
                "support": 7396
            },
            "1": {
                "precision": 0.7306626645116602,
                "recall": 0.763265798359865,
                "f1-score": 0.7466084699775866,
                "support": 8292
            },
            "accuracy": 0.7261601223865375,
            "macro avg": {
                "precision": 0.7256359152333423,
                "recall": 0.723912509780257,
                "f1-score": 0.7243651142011078,
                "support": 15688
            },
            "weighted avg": {
                "precision": 0.7259230115715225,
                "recall": 0.7261601223865375,
                "f1-score": 0.7256355149389792,
                "support": 15688
            },
            "roc_auc": 0.7239125097802571,
            "score": 0.7239125097802571
        },
        "test": {
            "0": {
                "precision": 0.7123241034952338,
                "recall": 0.6789616008653326,
                "f1-score": 0.6952428421110927,
                "support": 9245
            },
            "1": {
                "precision": 0.7251342841266901,
                "recall": 0.7554269175108539,
                "f1-score": 0.7399707035864481,
                "support": 10365
            },
            "accuracy": 0.7193778684344722,
            "macro avg": {
                "precision": 0.7187291938109619,
                "recall": 0.7171942591880933,
                "f1-score": 0.7176067728487704,
                "support": 19610
            },
            "weighted avg": {
                "precision": 0.7190950123297593,
                "recall": 0.7193778684344722,
                "f1-score": 0.7188840600709121,
                "support": 19610
            },
            "roc_auc": 0.7171942591880933,
            "score": 0.7171942591880933
        }
    }
}
