{
    "dataset": "covtype",
    "algorithm": "snn",
    "config": {
        "data": {
            "normalization": "quantile",
            "path": "data/covtype"
        },
        "model": {
            "d_layers": [
                65,
                674,
                674,
                674,
                674,
                674,
                1023
            ],
            "dropout": 0.02203084151141704
        },
        "seed": 3,
        "training": {
            "eval_batch_size": 8192,
            "lr": 5.911488798215244e-05,
            "lr_n_decays": 0,
            "n_epochs": 1000000000,
            "optimizer": "adamw",
            "patience": 16,
            "weight_decay": 4.57346920082239e-05
        }
    },
    "environment": {
        "devices": {
            "CUDA_VISIBLE_DEVICES": "0",
            "torch.version.cuda": "10.1",
            "torch.backends.cudnn.version()": 7603,
            "torch.cuda.nccl.version()": 2708,
            "driver": "450.51.06",
            "0": {
                "name": "GeForce RTX 2080 Ti",
                "total_memory": 11554717696
            }
        }
    },
    "batch_size": 1024,
    "epoch_size": 364,
    "n_parameters": 2565552,
    "best_epoch": 181,
    "metrics": {
        "train": {
            "0": {
                "precision": 0.9750856063289645,
                "recall": 0.9745533936184336,
                "f1-score": 0.9748194273319513,
                "support": 135578
            },
            "1": {
                "precision": 0.9786161583923049,
                "recall": 0.9808506883162725,
                "f1-score": 0.9797321492515935,
                "support": 181312
            },
            "2": {
                "precision": 0.9901497415963603,
                "recall": 0.9796346473210383,
                "f1-score": 0.9848641286439226,
                "support": 22882
            },
            "3": {
                "precision": 0.9544706527701591,
                "recall": 0.9891984081864695,
                "f1-score": 0.9715242881072027,
                "support": 1759
            },
            "4": {
                "precision": 0.9563573883161512,
                "recall": 0.9162139917695473,
                "f1-score": 0.9358554014291719,
                "support": 6075
            },
            "5": {
                "precision": 0.9736243747157799,
                "recall": 0.9631129104813315,
                "f1-score": 0.9683401175938489,
                "support": 11115
            },
            "6": {
                "precision": 0.9670914542728636,
                "recall": 0.9828584488800853,
                "f1-score": 0.9749112068314062,
                "support": 13126
            },
            "accuracy": 0.9770039828208914,
            "macro avg": {
                "precision": 0.9707707680560834,
                "recall": 0.9694889269390254,
                "f1-score": 0.970006674169871,
                "support": 371847
            },
            "weighted avg": {
                "precision": 0.9770047304361651,
                "recall": 0.9770039828208914,
                "f1-score": 0.9769903816621727,
                "support": 371847
            },
            "score": 0.9770039828208914
        },
        "val": {
            "0": {
                "precision": 0.9589790606885129,
                "recall": 0.9566589956924529,
                "f1-score": 0.9578176232534783,
                "support": 33894
            },
            "1": {
                "precision": 0.9637765525119171,
                "recall": 0.9679226967878574,
                "f1-score": 0.9658451750668677,
                "support": 45328
            },
            "2": {
                "precision": 0.967337570621469,
                "recall": 0.9576997028491523,
                "f1-score": 0.9624945103205973,
                "support": 5721
            },
            "3": {
                "precision": 0.8571428571428571,
                "recall": 0.9157175398633257,
                "f1-score": 0.8854625550660793,
                "support": 439
            },
            "4": {
                "precision": 0.9035148173673329,
                "recall": 0.8630678077682686,
                "f1-score": 0.8828282828282827,
                "support": 1519
            },
            "5": {
                "precision": 0.9457564575645756,
                "recall": 0.9222741993522849,
                "f1-score": 0.9338677354709418,
                "support": 2779
            },
            "6": {
                "precision": 0.9522952295229523,
                "recall": 0.9670932358318098,
                "f1-score": 0.9596371882086168,
                "support": 3282
            },
            "accuracy": 0.9598330500634668,
            "macro avg": {
                "precision": 0.9355432207742309,
                "recall": 0.935776311163593,
                "f1-score": 0.935421867173552,
                "support": 92962
            },
            "weighted avg": {
                "precision": 0.9598142569812937,
                "recall": 0.9598330500634668,
                "f1-score": 0.959800925360826,
                "support": 92962
            },
            "score": 0.9598330500634668
        },
        "test": {
            "0": {
                "precision": 0.9582389046270066,
                "recall": 0.9580579682779456,
                "f1-score": 0.9581484279104899,
                "support": 42368
            },
            "1": {
                "precision": 0.96332887982561,
                "recall": 0.9671202414359082,
                "f1-score": 0.9652208375533929,
                "support": 56661
            },
            "2": {
                "precision": 0.9678379144233494,
                "recall": 0.9552510138442176,
                "f1-score": 0.9615032725737208,
                "support": 7151
            },
            "3": {
                "precision": 0.8660869565217392,
                "recall": 0.907103825136612,
                "f1-score": 0.8861209964412812,
                "support": 549
            },
            "4": {
                "precision": 0.9089874857792947,
                "recall": 0.841495523959979,
                "f1-score": 0.8739403882964178,
                "support": 1899
            },
            "5": {
                "precision": 0.9348905109489051,
                "recall": 0.9219694788367405,
                "f1-score": 0.9283850391417802,
                "support": 3473
            },
            "6": {
                "precision": 0.9522085445329471,
                "recall": 0.961725987323257,
                "f1-score": 0.9569436021831412,
                "support": 4102
            },
            "accuracy": 0.9592093147336987,
            "macro avg": {
                "precision": 0.9359398852369789,
                "recall": 0.9303891484020943,
                "f1-score": 0.9328946520143179,
                "support": 116203
            },
            "weighted avg": {
                "precision": 0.9591605695713731,
                "recall": 0.9592093147336987,
                "f1-score": 0.9591549055877638,
                "support": 116203
            },
            "score": 0.9592093147336987
        }
    },
    "time": "0:06:05"
}
