{
    "dataset": "jannis",
    "algorithm": "autoint",
    "config": {
        "data": {
            "normalization": "quantile",
            "path": "data/jannis"
        },
        "model": {
            "activation": "relu",
            "attention_dropout": 0.3612955930153278,
            "d_token": 62,
            "initialization": "kaiming",
            "n_heads": 2,
            "n_layers": 6,
            "prenormalization": false,
            "residual_dropout": 0.04768041259762395
        },
        "seed": 6,
        "training": {
            "batch_size": 512,
            "eval_batch_size": 8192,
            "lr": 0.0009938085964612058,
            "n_epochs": 1000000000,
            "optimizer": "adamw",
            "patience": 16,
            "weight_decay": 1.219557287938157e-05
        }
    },
    "environment": {
        "devices": {
            "CUDA_VISIBLE_DEVICES": "0",
            "torch.version.cuda": "10.1",
            "torch.backends.cudnn.version()": 7603,
            "torch.cuda.nccl.version()": 2708,
            "driver": "450.80.02",
            "0": {
                "name": "Tesla V100-PCIE-32GB",
                "total_memory": 34089730048
            }
        }
    },
    "epoch_size": 105,
    "n_parameters": 110860,
    "best_epoch": 47,
    "metrics": {
        "train": {
            "0": {
                "precision": 0.7056451612903226,
                "recall": 0.16203703703703703,
                "f1-score": 0.2635542168674699,
                "support": 1080
            },
            "1": {
                "precision": 0.6904436687408306,
                "recall": 0.7407327001356853,
                "f1-score": 0.7147046501885213,
                "support": 18425
            },
            "2": {
                "precision": 0.73159493140643,
                "recall": 0.7408271474019088,
                "f1-score": 0.7361820960008431,
                "support": 9430
            },
            "3": {
                "precision": 0.850982350982351,
                "recall": 0.829270271366568,
                "f1-score": 0.8399860303634159,
                "support": 24653
            },
            "accuracy": 0.7698178696723147,
            "macro avg": {
                "precision": 0.7446665281049836,
                "recall": 0.6182167889852997,
                "f1-score": 0.6386067483550625,
                "support": 53588
            },
            "weighted avg": {
                "precision": 0.7718468588615714,
                "recall": 0.7698178696723147,
                "f1-score": 0.7670270304131077,
                "support": 53588
            },
            "score": 0.7698178696723147
        },
        "val": {
            "0": {
                "precision": 0.4444444444444444,
                "recall": 0.07407407407407407,
                "f1-score": 0.12698412698412698,
                "support": 270
            },
            "1": {
                "precision": 0.6359729895641498,
                "recall": 0.6746255697851096,
                "f1-score": 0.6547293027175057,
                "support": 4607
            },
            "2": {
                "precision": 0.6870548806032677,
                "recall": 0.6957997454391175,
                "f1-score": 0.6913996627318718,
                "support": 2357
            },
            "3": {
                "precision": 0.818720184240829,
                "recall": 0.8074302401038287,
                "f1-score": 0.8130360205831904,
                "support": 6164
            },
            "accuracy": 0.7273473652783997,
            "macro avg": {
                "precision": 0.6465481247131727,
                "recall": 0.5629824073505325,
                "f1-score": 0.5715372782541737,
                "support": 13398
            },
            "weighted avg": {
                "precision": 0.7251759316438582,
                "recall": 0.7273473652783997,
                "f1-score": 0.7233771195580736,
                "support": 13398
            },
            "score": 0.7273473652783997
        },
        "test": {
            "0": {
                "precision": 0.27450980392156865,
                "recall": 0.04154302670623145,
                "f1-score": 0.07216494845360825,
                "support": 337
            },
            "1": {
                "precision": 0.6319604612850083,
                "recall": 0.6662035428968391,
                "f1-score": 0.6486303686168414,
                "support": 5758
            },
            "2": {
                "precision": 0.6804260985352862,
                "recall": 0.6935866983372921,
                "f1-score": 0.6869433708620399,
                "support": 2947
            },
            "3": {
                "precision": 0.8106796116504854,
                "recall": 0.8019467878001297,
                "f1-score": 0.8062895543811573,
                "support": 7705
            },
            "accuracy": 0.7209052367588225,
            "macro avg": {
                "precision": 0.5993939938480871,
                "recall": 0.5508200139351231,
                "f1-score": 0.5535070605784117,
                "support": 16747
            },
            "weighted avg": {
                "precision": 0.7155216014898863,
                "recall": 0.7209052367588225,
                "f1-score": 0.71630837645918,
                "support": 16747
            },
            "score": 0.7209052367588225
        }
    },
    "time": "0:04:00"
}
