{
    "dataset": "jannis",
    "algorithm": "snn",
    "config": {
        "data": {
            "normalization": "quantile",
            "path": "data/jannis"
        },
        "model": {
            "d_layers": [
                207,
                162,
                162,
                162,
                162,
                333
            ],
            "dropout": 0.07316473400236903
        },
        "seed": 4,
        "training": {
            "batch_size": 512,
            "eval_batch_size": 8192,
            "lr": 0.0001851485032723657,
            "n_epochs": 1000000000,
            "optimizer": "adamw",
            "patience": 16,
            "weight_decay": 2.48803983403264e-05
        }
    },
    "environment": {
        "devices": {
            "CUDA_VISIBLE_DEVICES": "0",
            "torch.version.cuda": "10.1",
            "torch.backends.cudnn.version()": 7603,
            "torch.cuda.nccl.version()": 2708,
            "driver": "418.67",
            "0": {
                "name": "Tesla V100-PCIE-32GB",
                "total_memory": 34058272768
            }
        }
    },
    "batch_size": 512,
    "epoch_size": 105,
    "n_parameters": 179914,
    "best_epoch": 123,
    "metrics": {
        "train": {
            "0": {
                "precision": 0.6787564766839378,
                "recall": 0.24259259259259258,
                "f1-score": 0.35743519781718963,
                "support": 1080
            },
            "1": {
                "precision": 0.6832355665328805,
                "recall": 0.7206512890094979,
                "f1-score": 0.70144483478169,
                "support": 18425
            },
            "2": {
                "precision": 0.7724558050645007,
                "recall": 0.6857900318133616,
                "f1-score": 0.7265475789237165,
                "support": 9430
            },
            "3": {
                "precision": 0.8196960151204914,
                "recall": 0.8444002758284995,
                "f1-score": 0.8318647725229275,
                "support": 24653
            },
            "accuracy": 0.7618123460476226,
            "macro avg": {
                "precision": 0.7385359658504527,
                "recall": 0.6233585473109879,
                "f1-score": 0.6543230960113808,
                "support": 53588
            },
            "weighted avg": {
                "precision": 0.7616238040365508,
                "recall": 0.7618123460476226,
                "f1-score": 0.7589284354846902,
                "support": 53588
            },
            "score": 0.7618123460476226
        },
        "val": {
            "0": {
                "precision": 0.4430379746835443,
                "recall": 0.12962962962962962,
                "f1-score": 0.2005730659025788,
                "support": 270
            },
            "1": {
                "precision": 0.6286417726713172,
                "recall": 0.665074886042978,
                "f1-score": 0.6463453222233941,
                "support": 4607
            },
            "2": {
                "precision": 0.724088291746641,
                "recall": 0.6402206194314807,
                "f1-score": 0.6795766719207386,
                "support": 2357
            },
            "3": {
                "precision": 0.797516113818582,
                "recall": 0.823004542504867,
                "f1-score": 0.810059880239521,
                "support": 6164
            },
            "accuracy": 0.7225705329153606,
            "macro avg": {
                "precision": 0.6483210382300211,
                "recall": 0.5644824194022389,
                "f1-score": 0.5841387350715581,
                "support": 13398
            },
            "weighted avg": {
                "precision": 0.7193863508796752,
                "recall": 0.7225705329153606,
                "f1-score": 0.7185280597694031,
                "support": 13398
            },
            "score": 0.7225705329153606
        },
        "test": {
            "0": {
                "precision": 0.422680412371134,
                "recall": 0.12166172106824925,
                "f1-score": 0.1889400921658986,
                "support": 337
            },
            "1": {
                "precision": 0.6298068988281895,
                "recall": 0.662730114623133,
                "f1-score": 0.6458492003046459,
                "support": 5758
            },
            "2": {
                "precision": 0.715917745620716,
                "recall": 0.6379368849677638,
                "f1-score": 0.6746815000897183,
                "support": 2947
            },
            "3": {
                "precision": 0.7925925925925926,
                "recall": 0.8193380921479558,
                "f1-score": 0.805743458838545,
                "support": 7705
            },
            "accuracy": 0.7195318564519019,
            "macro avg": {
                "precision": 0.640249412353158,
                "recall": 0.5604167032017755,
                "f1-score": 0.5788035628497019,
                "support": 16747
            },
            "weighted avg": {
                "precision": 0.715686806275271,
                "recall": 0.7195318564519019,
                "f1-score": 0.7152930218862751,
                "support": 16747
            },
            "score": 0.7195318564519019
        }
    },
    "time": "0:04:34"
}
