{
    "dataset": "california_housing",
    "algorithm": "catboost_",
    "config": {
        "source": "output/california_housing/catboost/default",
        "seeds": [
            10,
            11,
            12,
            13,
            14
        ],
        "count": 5
    },
    "metrics": {
        "train": {
            "rmse": 0.2905812849248444,
            "score": -0.2905812849248444
        },
        "val": {
            "rmse": 0.44449450991767436,
            "score": -0.44449450991767436
        },
        "test": {
            "rmse": 0.4281245343555948,
            "score": -0.4281245343555948
        }
    }
}
