{
    "program": "bin/ensemble.py",
    "config": {
        "seeds": [
            5,
            6,
            7,
            8,
            9
        ]
    },
    "single_model_program": "bin/train1___255b2fb2e4384543a3568d9200452368.py",
    "data": "data/otto",
    "prediction_type": "probs",
    "metrics": {
        "train": {
            "0": {
                "precision": 0.9743589743589743,
                "recall": 0.8615384615384616,
                "f1-score": 0.9144821658788139,
                "support": 1235
            },
            "1": {
                "precision": 0.854136690647482,
                "recall": 0.9205272339600697,
                "f1-score": 0.8860901203470473,
                "support": 10318
            },
            "2": {
                "precision": 0.7946261195584253,
                "recall": 0.7448262397500977,
                "f1-score": 0.7689206893076691,
                "support": 5122
            },
            "3": {
                "precision": 0.9496040316774658,
                "recall": 0.7659698025551684,
                "f1-score": 0.847958855673417,
                "support": 1722
            },
            "4": {
                "precision": 0.9897377423033067,
                "recall": 0.9903023388476897,
                "f1-score": 0.9900199600798403,
                "support": 1753
            },
            "5": {
                "precision": 0.9850547990700764,
                "recall": 0.9836391775370329,
                "f1-score": 0.9843464793406715,
                "support": 9046
            },
            "6": {
                "precision": 0.9357060849598163,
                "recall": 0.8970831040176115,
                "f1-score": 0.9159876369766788,
                "support": 1817
            },
            "7": {
                "precision": 0.975421863536317,
                "recall": 0.9817242015875947,
                "f1-score": 0.9785628852700341,
                "support": 5417
            },
            "8": {
                "precision": 0.9546302050963331,
                "recall": 0.9687795648060549,
                "f1-score": 0.9616528408201597,
                "support": 3171
            },
            "accuracy": 0.9179061134819828,
            "macro avg": {
                "precision": 0.9348085012453553,
                "recall": 0.9015989027333089,
                "f1-score": 0.916446848188259,
                "support": 39601
            },
            "weighted avg": {
                "precision": 0.9186282008160198,
                "recall": 0.9179061134819828,
                "f1-score": 0.9172795975600483,
                "support": 39601
            },
            "score": 0.9179061134819828
        },
        "val": {
            "0": {
                "precision": 0.6808510638297872,
                "recall": 0.5194805194805194,
                "f1-score": 0.5893186003683242,
                "support": 308
            },
            "1": {
                "precision": 0.7531034482758621,
                "recall": 0.8465116279069768,
                "f1-score": 0.797080291970803,
                "support": 2580
            },
            "2": {
                "precision": 0.6352636127917026,
                "recall": 0.5737704918032787,
                "f1-score": 0.6029532403609515,
                "support": 1281
            },
            "3": {
                "precision": 0.7375,
                "recall": 0.5475638051044084,
                "f1-score": 0.6284953395472703,
                "support": 431
            },
            "4": {
                "precision": 0.9679633867276888,
                "recall": 0.9657534246575342,
                "f1-score": 0.9668571428571429,
                "support": 438
            },
            "5": {
                "precision": 0.9494584837545126,
                "recall": 0.9301503094606542,
                "f1-score": 0.9397052255471192,
                "support": 2262
            },
            "6": {
                "precision": 0.7253012048192771,
                "recall": 0.6629955947136564,
                "f1-score": 0.6927502876869965,
                "support": 454
            },
            "7": {
                "precision": 0.903666427030913,
                "recall": 0.9283604135893648,
                "f1-score": 0.9158469945355192,
                "support": 1354
            },
            "8": {
                "precision": 0.8409638554216867,
                "recall": 0.880201765447667,
                "f1-score": 0.860135551447936,
                "support": 793
            },
            "accuracy": 0.8178971821028179,
            "macro avg": {
                "precision": 0.7993412758501589,
                "recall": 0.7616431057960066,
                "f1-score": 0.7770158527024514,
                "support": 9901
            },
            "weighted avg": {
                "precision": 0.8156471762826089,
                "recall": 0.8178971821028179,
                "f1-score": 0.8147653243827475,
                "support": 9901
            },
            "score": 0.8178971821028179
        },
        "test": {
            "0": {
                "precision": 0.6642857142857143,
                "recall": 0.48186528497409326,
                "f1-score": 0.5585585585585585,
                "support": 386
            },
            "1": {
                "precision": 0.7504873294346979,
                "recall": 0.8359181141439206,
                "f1-score": 0.7909024211298606,
                "support": 3224
            },
            "2": {
                "precision": 0.6019760056457304,
                "recall": 0.532792004996877,
                "f1-score": 0.5652750165672631,
                "support": 1601
            },
            "3": {
                "precision": 0.7339667458432304,
                "recall": 0.5743494423791822,
                "f1-score": 0.6444212721584984,
                "support": 538
            },
            "4": {
                "precision": 0.9816176470588235,
                "recall": 0.9744525547445255,
                "f1-score": 0.978021978021978,
                "support": 548
            },
            "5": {
                "precision": 0.9481957842086459,
                "recall": 0.9388043862752034,
                "f1-score": 0.943476715250622,
                "support": 2827
            },
            "6": {
                "precision": 0.7393822393822393,
                "recall": 0.6742957746478874,
                "f1-score": 0.7053406998158379,
                "support": 568
            },
            "7": {
                "precision": 0.9035591274397244,
                "recall": 0.9297105729474306,
                "f1-score": 0.916448326055313,
                "support": 1693
            },
            "8": {
                "precision": 0.8345864661654135,
                "recall": 0.8960645812310797,
                "f1-score": 0.8642335766423357,
                "support": 991
            },
            "accuracy": 0.8141564318034906,
            "macro avg": {
                "precision": 0.7953396732738022,
                "recall": 0.7598058573711334,
                "f1-score": 0.7740753960222518,
                "support": 12376
            },
            "weighted avg": {
                "precision": 0.8104289742529728,
                "recall": 0.8141564318034906,
                "f1-score": 0.8103569554945768,
                "support": 12376
            },
            "score": 0.8141564318034906
        }
    }
}
