{
    "dataset": "covtype",
    "algorithm": "resnet",
    "config": {
        "data": {
            "normalization": "quantile",
            "path": "data/covtype"
        },
        "model": {
            "activation": "relu",
            "d": 235,
            "d_hidden_factor": 3.402306744158719,
            "hidden_dropout": 0.3612608569439376,
            "n_layers": 12,
            "normalization": "batchnorm",
            "residual_dropout": 0.0
        },
        "seed": 8,
        "training": {
            "batch_size": 1024,
            "eval_batch_size": 8192,
            "lr": 4.354575453864104e-05,
            "n_epochs": 1000000000,
            "optimizer": "adamw",
            "patience": 16,
            "weight_decay": 0.0
        }
    },
    "environment": {
        "devices": {
            "CUDA_VISIBLE_DEVICES": "0",
            "torch.version.cuda": "10.1",
            "torch.backends.cudnn.version()": 7603,
            "torch.cuda.nccl.version()": 2708,
            "driver": "450.80.02",
            "0": {
                "name": "Tesla V100-PCIE-32GB",
                "total_memory": 34089730048
            }
        }
    },
    "epoch_size": 364,
    "n_parameters": 4539455,
    "best_epoch": 330,
    "metrics": {
        "train": {
            "0": {
                "precision": 0.981742028729021,
                "recall": 0.9819882281786131,
                "f1-score": 0.9818651130203916,
                "support": 135578
            },
            "1": {
                "precision": 0.9866534821926738,
                "recall": 0.9850699346981998,
                "f1-score": 0.9858610725492848,
                "support": 181312
            },
            "2": {
                "precision": 0.9923727699118924,
                "recall": 0.9893802989249192,
                "f1-score": 0.9908742750848014,
                "support": 22882
            },
            "3": {
                "precision": 0.981797497155859,
                "recall": 0.9812393405343945,
                "f1-score": 0.9815183394938869,
                "support": 1759
            },
            "4": {
                "precision": 0.9496998215154957,
                "recall": 0.9634567901234568,
                "f1-score": 0.9565288445824481,
                "support": 6075
            },
            "5": {
                "precision": 0.9790197303812159,
                "recall": 0.9865946918578498,
                "f1-score": 0.982792615164008,
                "support": 11115
            },
            "6": {
                "precision": 0.9743203554484524,
                "recall": 0.9856772817309157,
                "f1-score": 0.979965915546298,
                "support": 13126
            },
            "accuracy": 0.983907359747423,
            "macro avg": {
                "precision": 0.9779436693335157,
                "recall": 0.9819152237211927,
                "f1-score": 0.9799151679201598,
                "support": 371847
            },
            "weighted avg": {
                "precision": 0.9839244424655103,
                "recall": 0.983907359747423,
                "f1-score": 0.9839130401929873,
                "support": 371847
            },
            "score": 0.983907359747423
        },
        "val": {
            "0": {
                "precision": 0.9640697365704003,
                "recall": 0.9642119549182746,
                "f1-score": 0.9641408404997566,
                "support": 33894
            },
            "1": {
                "precision": 0.9716243093922652,
                "recall": 0.9699523473349806,
                "f1-score": 0.9707876084700479,
                "support": 45328
            },
            "2": {
                "precision": 0.9697393737974462,
                "recall": 0.9690613529103304,
                "f1-score": 0.9694002447980415,
                "support": 5721
            },
            "3": {
                "precision": 0.9053117782909931,
                "recall": 0.8929384965831435,
                "f1-score": 0.8990825688073394,
                "support": 439
            },
            "4": {
                "precision": 0.8826923076923077,
                "recall": 0.9065174456879526,
                "f1-score": 0.894446248782072,
                "support": 1519
            },
            "5": {
                "precision": 0.9475951184493898,
                "recall": 0.9499820079165168,
                "f1-score": 0.948787061994609,
                "support": 2779
            },
            "6": {
                "precision": 0.9583961410913476,
                "recall": 0.9686166971358927,
                "f1-score": 0.9634793150477344,
                "support": 3282
            },
            "accuracy": 0.9657602030937372,
            "macro avg": {
                "precision": 0.9427755378977357,
                "recall": 0.9458971860695844,
                "f1-score": 0.9443034126285142,
                "support": 92962
            },
            "weighted avg": {
                "precision": 0.9658022607111719,
                "recall": 0.9657602030937372,
                "f1-score": 0.9657770768915764,
                "support": 92962
            },
            "score": 0.9657602030937372
        },
        "test": {
            "0": {
                "precision": 0.964252849154102,
                "recall": 0.9645487160120846,
                "f1-score": 0.9644007598909721,
                "support": 42368
            },
            "1": {
                "precision": 0.9712619300106045,
                "recall": 0.9698734579340287,
                "f1-score": 0.9705671973931703,
                "support": 56661
            },
            "2": {
                "precision": 0.969336320358443,
                "recall": 0.968116347364005,
                "f1-score": 0.9687259497656195,
                "support": 7151
            },
            "3": {
                "precision": 0.908411214953271,
                "recall": 0.8852459016393442,
                "f1-score": 0.896678966789668,
                "support": 549
            },
            "4": {
                "precision": 0.8888888888888888,
                "recall": 0.880463401790416,
                "f1-score": 0.8846560846560847,
                "support": 1899
            },
            "5": {
                "precision": 0.9405236198064884,
                "recall": 0.9516268355888281,
                "f1-score": 0.9460426506368971,
                "support": 3473
            },
            "6": {
                "precision": 0.9537170263788969,
                "recall": 0.969527059970746,
                "f1-score": 0.9615570599613151,
                "support": 4102
            },
            "accuracy": 0.9654053681918712,
            "macro avg": {
                "precision": 0.9423416927929563,
                "recall": 0.9413431028999218,
                "f1-score": 0.9418040955848183,
                "support": 116203
            },
            "weighted avg": {
                "precision": 0.9654067837059164,
                "recall": 0.9654053681918712,
                "f1-score": 0.9654014997588856,
                "support": 116203
            },
            "score": 0.9654053681918712
        }
    },
    "time": "1:08:38"
}
