{
    "config": {
        "data": {
            "path": "data/epsilon"
        },
        "fit": {
            "early_stopping_rounds": 50,
            "verbose": false
        },
        "model": {
            "alpha": 0,
            "booster": "gbtree",
            "colsample_bylevel": 0.6530245350549861,
            "colsample_bytree": 0.71042648155817,
            "gamma": 0,
            "lambda": 68.57112574713152,
            "learning_rate": 0.06644374751510743,
            "max_depth": 6,
            "min_child_weight": 2.218747623529772,
            "n_estimators": 2000,
            "n_jobs": -1,
            "subsample": 0.9629921249314952,
            "tree_method": "gpu_hist"
        },
        "seed": 2
    },
    "environment": {
        "devices": {
            "CUDA_VISIBLE_DEVICES": "0",
            "torch.version.cuda": "10.1",
            "torch.backends.cudnn.version()": 7603,
            "torch.cuda.nccl.version()": 2708,
            "driver": "418.67",
            "0": {
                "name": "Tesla V100-PCIE-32GB",
                "total_memory": 34058272768
            }
        }
    },
    "dataset": "epsilon",
    "algorithm": "xgboost_",
    "metrics": {
        "train": {
            "0": {
                "precision": 0.9688025137902384,
                "recall": 0.9684092867580023,
                "f1-score": 0.9686058603643132,
                "support": 160142
            },
            "1": {
                "precision": 0.9683660261500847,
                "recall": 0.968759774299691,
                "f1-score": 0.9685628602074544,
                "support": 159858
            },
            "accuracy": 0.968584375,
            "macro avg": {
                "precision": 0.9685842699701616,
                "recall": 0.9685845305288466,
                "f1-score": 0.9685843602858838,
                "support": 320000
            },
            "weighted avg": {
                "precision": 0.9685844636615518,
                "recall": 0.968584375,
                "f1-score": 0.9685843793672033,
                "support": 320000
            },
            "roc_auc": 0.9685845305288467,
            "score": 0.9685845305288467
        },
        "val": {
            "0": {
                "precision": 0.8872838148555433,
                "recall": 0.8867740726863994,
                "f1-score": 0.8870288705385587,
                "support": 40035
            },
            "1": {
                "precision": 0.8866409922976893,
                "recall": 0.8871512573501814,
                "f1-score": 0.8868960514302152,
                "support": 39965
            },
            "accuracy": 0.8869625,
            "macro avg": {
                "precision": 0.8869624035766164,
                "recall": 0.8869626650182905,
                "f1-score": 0.8869624609843869,
                "support": 80000
            },
            "weighted avg": {
                "precision": 0.8869626848114854,
                "recall": 0.8869625,
                "f1-score": 0.8869625190927469,
                "support": 80000
            },
            "roc_auc": 0.8869626650182904,
            "score": 0.8869626650182904
        },
        "test": {
            "0": {
                "precision": 0.8841678104672674,
                "recall": 0.8881606554101309,
                "f1-score": 0.8861597352366521,
                "support": 50045
            },
            "1": {
                "precision": 0.8874499788855598,
                "recall": 0.8834350915824242,
                "f1-score": 0.8854379840295333,
                "support": 49955
            },
            "accuracy": 0.8858,
            "macro avg": {
                "precision": 0.8858088946764135,
                "recall": 0.8857978734962775,
                "f1-score": 0.8857988596330928,
                "support": 100000
            },
            "weighted avg": {
                "precision": 0.8858074177006253,
                "recall": 0.8858,
                "f1-score": 0.8857991844211359,
                "support": 100000
            },
            "roc_auc": 0.8857978734962776,
            "score": 0.8857978734962776
        }
    }
}
