{
    "dataset": "adult",
    "algorithm": "autoint",
    "config": {
        "data": {
            "cat_policy": "indices",
            "normalization": "quantile_normal",
            "path": "data/adult"
        },
        "model": {
            "activation": "relu",
            "attention_dropout": 0.05446639543968551,
            "d_token": 42,
            "initialization": "kaiming",
            "n_heads": 2,
            "n_layers": 6,
            "prenormalization": false,
            "residual_dropout": 0.1553307482343947
        },
        "seed": 2,
        "training": {
            "batch_size": 256,
            "eval_batch_size": 8192,
            "lr": 0.0008641239222934233,
            "n_epochs": 1000000000,
            "optimizer": "adamw",
            "patience": 16,
            "weight_decay": 0.0008115844617976112
        }
    },
    "environment": {
        "devices": {
            "CUDA_VISIBLE_DEVICES": "0",
            "torch.version.cuda": "10.1",
            "torch.backends.cudnn.version()": 7603,
            "torch.cuda.nccl.version()": 2708,
            "driver": "450.102.04",
            "0": {
                "name": "GeForce GTX 1080 Ti",
                "total_memory": 11720130560
            }
        }
    },
    "epoch_size": 102,
    "n_parameters": 48721,
    "best_epoch": 7,
    "metrics": {
        "train": {
            "0": {
                "precision": 0.9180773249738767,
                "recall": 0.8885967130214918,
                "f1-score": 0.903096492355133,
                "support": 19775
            },
            "1": {
                "precision": 0.6810943833236827,
                "recall": 0.7500398533397099,
                "f1-score": 0.7139063803960245,
                "support": 6273
            },
            "accuracy": 0.8552288083538083,
            "macro avg": {
                "precision": 0.7995858541487797,
                "recall": 0.8193182831806008,
                "f1-score": 0.8085014363755787,
                "support": 26048
            },
            "weighted avg": {
                "precision": 0.8610059953911191,
                "recall": 0.8552288083538083,
                "f1-score": 0.8575348533686662,
                "support": 26048
            },
            "roc_auc": 0.819318283180601,
            "score": 0.819318283180601
        },
        "val": {
            "0": {
                "precision": 0.910977381199419,
                "recall": 0.8877654196157735,
                "f1-score": 0.8992216304793117,
                "support": 4945
            },
            "1": {
                "precision": 0.6723730814639906,
                "recall": 0.7264030612244898,
                "f1-score": 0.6983445738810545,
                "support": 1568
            },
            "accuracy": 0.8489175495163519,
            "macro avg": {
                "precision": 0.7916752313317048,
                "recall": 0.8070842404201317,
                "f1-score": 0.7987831021801831,
                "support": 6513
            },
            "weighted avg": {
                "precision": 0.8535335700547618,
                "recall": 0.8489175495163519,
                "f1-score": 0.8508606256050499,
                "support": 6513
            },
            "roc_auc": 0.8070842404201316,
            "score": 0.8070842404201316
        },
        "test": {
            "0": {
                "precision": 0.9132125424009266,
                "recall": 0.8876558102131081,
                "f1-score": 0.9002528341897071,
                "support": 12435
            },
            "1": {
                "precision": 0.6669051025274201,
                "recall": 0.7272490899635985,
                "f1-score": 0.6957711442786069,
                "support": 3846
            },
            "accuracy": 0.8497635280388183,
            "macro avg": {
                "precision": 0.7900588224641734,
                "recall": 0.8074524500883533,
                "f1-score": 0.7980119892341571,
                "support": 16281
            },
            "weighted avg": {
                "precision": 0.8550282531217971,
                "recall": 0.8497635280388183,
                "f1-score": 0.8519488860662446,
                "support": 16281
            },
            "roc_auc": 0.8074524500883533,
            "score": 0.8074524500883533
        }
    },
    "time": "0:01:09"
}
