{
    "dataset": "adult",
    "algorithm": "snn",
    "config": {
        "data": {
            "cat_policy": "indices",
            "normalization": "quantile_normal",
            "path": "data/adult"
        },
        "model": {
            "d_embedding": 258,
            "d_layers": [
                206,
                281,
                281,
                281,
                281,
                281,
                281,
                281,
                281,
                281,
                281,
                281,
                414
            ],
            "dropout": 0.09387896709418385
        },
        "seed": 5,
        "training": {
            "batch_size": 256,
            "eval_batch_size": 8192,
            "lr": 0.00125913794267697,
            "n_epochs": 1000000000,
            "optimizer": "adamw",
            "patience": 16,
            "weight_decay": 0.0
        }
    },
    "environment": {
        "devices": {
            "CUDA_VISIBLE_DEVICES": "1",
            "torch.version.cuda": "10.1",
            "torch.backends.cudnn.version()": 7603,
            "torch.cuda.nccl.version()": 2708,
            "driver": "450.102.04",
            "1": {
                "name": "GeForce GTX 1080 Ti",
                "total_memory": 11721506816
            }
        }
    },
    "batch_size": 256,
    "epoch_size": 102,
    "n_parameters": 1420692,
    "best_epoch": 5,
    "metrics": {
        "train": {
            "0": {
                "precision": 0.9250942652934887,
                "recall": 0.831251580278129,
                "f1-score": 0.8756658853611762,
                "support": 19775
            },
            "1": {
                "precision": 0.596931996617949,
                "recall": 0.7878208193846644,
                "f1-score": 0.6792193512919187,
                "support": 6273
            },
            "accuracy": 0.8207923832923832,
            "macro avg": {
                "precision": 0.7610131309557189,
                "recall": 0.8095361998313967,
                "f1-score": 0.7774426183265475,
                "support": 26048
            },
            "weighted avg": {
                "precision": 0.8460647078840269,
                "recall": 0.8207923832923832,
                "f1-score": 0.8283567211943899,
                "support": 26048
            },
            "roc_auc": 0.8095361998313967,
            "score": 0.8095361998313967
        },
        "val": {
            "0": {
                "precision": 0.9237596722803824,
                "recall": 0.8208291203235591,
                "f1-score": 0.8692579505300354,
                "support": 4945
            },
            "1": {
                "precision": 0.5818782444549315,
                "recall": 0.7863520408163265,
                "f1-score": 0.6688364524003254,
                "support": 1568
            },
            "accuracy": 0.8125287885766928,
            "macro avg": {
                "precision": 0.752818958367657,
                "recall": 0.8035905805699428,
                "f1-score": 0.7690472014651804,
                "support": 6513
            },
            "weighted avg": {
                "precision": 0.8414519678691575,
                "recall": 0.8125287885766928,
                "f1-score": 0.8210066210248328,
                "support": 6513
            },
            "roc_auc": 0.8035905805699428,
            "score": 0.8035905805699428
        },
        "test": {
            "0": {
                "precision": 0.9258827746908048,
                "recall": 0.830800160836349,
                "f1-score": 0.8757682363412878,
                "support": 12435
            },
            "1": {
                "precision": 0.5893031426898302,
                "recall": 0.7849713988559542,
                "f1-score": 0.6732077154643773,
                "support": 3846
            },
            "accuracy": 0.8199742030587802,
            "macro avg": {
                "precision": 0.7575929586903175,
                "recall": 0.8078857798461516,
                "f1-score": 0.7744879759028325,
                "support": 16281
            },
            "weighted avg": {
                "precision": 0.8463738216365854,
                "recall": 0.8199742030587802,
                "f1-score": 0.8279181188243908,
                "support": 16281
            },
            "roc_auc": 0.8078857798461516,
            "score": 0.8078857798461516
        }
    },
    "time": "0:00:36"
}
