{
    "program": "bin/ensemble.py",
    "config": {
        "seeds": [
            10,
            11,
            12,
            13,
            14
        ]
    },
    "single_model_program": "bin/train3___d302a30eec2f44eaa036c21325b7e754.py",
    "data": "data/house",
    "prediction_type": null,
    "metrics": {
        "train": {
            "rmse": 20968.747867676513,
            "score": -20968.747867676513
        },
        "val": {
            "rmse": 29440.631500973737,
            "score": -29440.631500973737
        },
        "test": {
            "rmse": 31675.605187286335,
            "score": -31675.605187286335
        }
    }
}
