{
    "dataset": "epsilon",
    "algorithm": "snn",
    "config": {
        "data": {
            "path": "data/epsilon"
        },
        "model": {
            "d_layers": [
                880,
                918,
                918,
                918,
                918,
                918,
                918,
                156
            ],
            "dropout": 0.07718793551068272
        },
        "seed": 7,
        "training": {
            "eval_batch_size": 8192,
            "lr": 8.026735720963361e-05,
            "lr_n_decays": 0,
            "n_epochs": 1000000000,
            "optimizer": "adam",
            "patience": 16,
            "weight_decay": 0
        }
    },
    "environment": {
        "devices": {
            "CUDA_VISIBLE_DEVICES": "0",
            "torch.version.cuda": "10.1",
            "torch.backends.cudnn.version()": 7603,
            "torch.cuda.nccl.version()": 2708,
            "driver": "418.67",
            "0": {
                "name": "Tesla V100-PCIE-32GB",
                "total_memory": 34058272768
            }
        }
    },
    "batch_size": 1024,
    "epoch_size": 313,
    "n_parameters": 6931369,
    "best_epoch": 84,
    "metrics": {
        "train": {
            "0": {
                "precision": 0.8947173879562605,
                "recall": 0.9069138639457481,
                "f1-score": 0.9007743428009688,
                "support": 160142
            },
            "1": {
                "precision": 0.9054574282543206,
                "recall": 0.8930926196999838,
                "f1-score": 0.8992325207143824,
                "support": 159858
            },
            "accuracy": 0.900009375,
            "macro avg": {
                "precision": 0.9000874081052905,
                "recall": 0.900003241822866,
                "f1-score": 0.9000034317576756,
                "support": 320000
            },
            "weighted avg": {
                "precision": 0.9000826422124082,
                "recall": 0.900009375,
                "f1-score": 0.9000041159412265,
                "support": 320000
            },
            "roc_auc": 0.900003241822866,
            "score": 0.900003241822866
        },
        "val": {
            "0": {
                "precision": 0.8916081330868761,
                "recall": 0.9036343199700262,
                "f1-score": 0.8975809452921474,
                "support": 40035
            },
            "1": {
                "precision": 0.902143310082435,
                "recall": 0.8899537094958089,
                "f1-score": 0.8960070537851115,
                "support": 39965
            },
            "accuracy": 0.8968,
            "macro avg": {
                "precision": 0.8968757215846556,
                "recall": 0.8967940147329175,
                "f1-score": 0.8967939995386294,
                "support": 80000
            },
            "weighted avg": {
                "precision": 0.89687111244472,
                "recall": 0.8968,
                "f1-score": 0.8967946881161637,
                "support": 80000
            },
            "roc_auc": 0.8967940147329175,
            "score": 0.8967940147329175
        },
        "test": {
            "0": {
                "precision": 0.8905426661423516,
                "recall": 0.9050454590868219,
                "f1-score": 0.8977354937812795,
                "support": 50045
            },
            "1": {
                "precision": 0.9032967032967033,
                "recall": 0.88855970373336,
                "f1-score": 0.895867601796256,
                "support": 49955
            },
            "accuracy": 0.89681,
            "macro avg": {
                "precision": 0.8969196847195274,
                "recall": 0.896802581410091,
                "f1-score": 0.8968015477887678,
                "support": 100000
            },
            "weighted avg": {
                "precision": 0.896913945402808,
                "recall": 0.89681,
                "f1-score": 0.896802388340161,
                "support": 100000
            },
            "roc_auc": 0.896802581410091,
            "score": 0.896802581410091
        }
    },
    "time": "0:09:44"
}
