{
    "program": "bin/ensemble.py",
    "config": {
        "seeds": [
            0,
            1,
            2,
            3,
            4
        ]
    },
    "single_model_program": "bin/train3___6051a9f6043348ff8804519ffabe873d.py",
    "data": "data/house",
    "prediction_type": null,
    "metrics": {
        "train": {
            "rmse": 18873.92585346124,
            "score": -18873.92585346124
        },
        "val": {
            "rmse": 27602.75045740411,
            "score": -27602.75045740411
        },
        "test": {
            "rmse": 30447.004072347496,
            "score": -30447.004072347496
        }
    }
}
