{
    "dataset": "yahoo",
    "algorithm": "mlp",
    "config": {
        "source": "output/yahoo/mlp/tuned_2",
        "seeds": [
            10,
            11,
            12,
            13,
            14
        ],
        "count": 5
    },
    "metrics": {
        "train": {
            "rmse": 0.6999420213272242,
            "score": -0.6999420213272242
        },
        "val": {
            "rmse": 0.7676708877383404,
            "score": -0.7676708877383404
        },
        "test": {
            "rmse": 0.7531051760800433,
            "score": -0.7531051760800433
        }
    }
}
