{
    "dataset": "adult",
    "algorithm": "grownet",
    "config": {
        "data": {
            "cat_policy": "indices",
            "normalization": "quantile_normal",
            "path": "data/adult"
        },
        "model": {
            "boost_rate": 1.0,
            "correct_epoch": 1,
            "d_embedding": 256,
            "epochs_per_stage": 1,
            "hidden_d": 32,
            "num_nets": 40,
            "sparse": false
        },
        "patience": 16,
        "seed": 3,
        "training": {
            "eval_batch_size": 8192,
            "lr": 0.01,
            "lr_scaler": 3,
            "weight_decay": 0.001
        }
    },
    "environment": {
        "devices": {
            "CUDA_VISIBLE_DEVICES": "0",
            "torch.version.cuda": "10.1",
            "torch.backends.cudnn.version()": 7603,
            "torch.cuda.nccl.version()": 2708,
            "driver": "450.102.04",
            "0": {
                "name": "GeForce GTX 1080 Ti",
                "total_memory": 11720130560
            }
        }
    },
    "batch_size": 256,
    "epoch_size": 102,
    "metrics": {
        "train": {
            "0": {
                "precision": 0.8939903494662963,
                "recall": 0.9275347661188369,
                "f1-score": 0.9104536880770376,
                "support": 19775
            },
            "1": {
                "precision": 0.7409148436087507,
                "recall": 0.6532759445241512,
                "f1-score": 0.6943409013893596,
                "support": 6273
            },
            "accuracy": 0.8614864864864865,
            "macro avg": {
                "precision": 0.8174525965375234,
                "recall": 0.790405355321494,
                "f1-score": 0.8023972947331985,
                "support": 26048
            },
            "weighted avg": {
                "precision": 0.857125997184187,
                "recall": 0.8614864864864865,
                "f1-score": 0.8584084058714248,
                "support": 26048
            },
            "roc_auc": 0.790405355321494,
            "score": 0.790405355321494
        },
        "val": {
            "0": {
                "precision": 0.8884136858475894,
                "recall": 0.9241658240647118,
                "f1-score": 0.9059371592823867,
                "support": 4945
            },
            "1": {
                "precision": 0.7260774287801315,
                "recall": 0.6339285714285714,
                "f1-score": 0.6768811712631937,
                "support": 1568
            },
            "accuracy": 0.8542914171656687,
            "macro avg": {
                "precision": 0.8072455573138604,
                "recall": 0.7790471977466416,
                "f1-score": 0.7914091652727901,
                "support": 6513
            },
            "weighted avg": {
                "precision": 0.8493313503521535,
                "recall": 0.8542914171656687,
                "f1-score": 0.8507920972197281,
                "support": 6513
            },
            "roc_auc": 0.7790471977466417,
            "score": 0.7790471977466417
        },
        "test": {
            "0": {
                "precision": 0.8936418887330528,
                "recall": 0.9223160434258142,
                "f1-score": 0.9077525822153627,
                "support": 12435
            },
            "1": {
                "precision": 0.7197563098346388,
                "recall": 0.6450858034321373,
                "f1-score": 0.6803784450843274,
                "support": 3846
            },
            "accuracy": 0.8568269762299613,
            "macro avg": {
                "precision": 0.8066990992838459,
                "recall": 0.7837009234289758,
                "f1-score": 0.7940655136498451,
                "support": 16281
            },
            "weighted avg": {
                "precision": 0.8525655459750342,
                "recall": 0.8568269762299613,
                "f1-score": 0.8540408365359842,
                "support": 16281
            },
            "roc_auc": 0.7837009234289757,
            "score": 0.7837009234289757
        }
    }
}
