{
    "dataset": "adult",
    "algorithm": "dcn2",
    "config": {
        "data": {
            "cat_policy": "indices",
            "normalization": "quantile_normal",
            "path": "data/adult"
        },
        "model": {
            "cross_dropout": 0.288814374127687,
            "d": 289,
            "d_embedding": 177,
            "hidden_dropout": 0.3608314758403296,
            "n_cross_layers": 6,
            "n_hidden_layers": 4,
            "stacked": false
        },
        "seed": 9,
        "training": {
            "batch_size": 256,
            "eval_batch_size": 8192,
            "lr": 0.0004247258554732948,
            "n_epochs": 1000000000,
            "optimizer": "adamw",
            "patience": 16,
            "weight_decay": 1.433945276292009e-05
        }
    },
    "environment": {
        "devices": {
            "CUDA_VISIBLE_DEVICES": "1",
            "torch.version.cuda": "10.1",
            "torch.backends.cudnn.version()": 7603,
            "torch.cuda.nccl.version()": 2708,
            "driver": "450.102.04",
            "1": {
                "name": "GeForce GTX 1080 Ti",
                "total_memory": 11721506816
            }
        }
    },
    "epoch_size": 102,
    "n_parameters": 1267980,
    "best_epoch": 14,
    "metrics": {
        "train": {
            "0": {
                "precision": 0.9081862279341901,
                "recall": 0.9183817951959545,
                "f1-score": 0.9132555566730364,
                "support": 19775
            },
            "1": {
                "precision": 0.7332672285572632,
                "recall": 0.7073170731707317,
                "f1-score": 0.7200584225900681,
                "support": 6273
            },
            "accuracy": 0.8675522113022113,
            "macro avg": {
                "precision": 0.8207267282457267,
                "recall": 0.8128494341833431,
                "f1-score": 0.8166569896315523,
                "support": 26048
            },
            "weighted avg": {
                "precision": 0.8660614243757034,
                "recall": 0.8675522113022113,
                "f1-score": 0.8667289280603805,
                "support": 26048
            },
            "roc_auc": 0.8128494341833431,
            "score": 0.8128494341833431
        },
        "val": {
            "0": {
                "precision": 0.8940594059405941,
                "recall": 0.9130434782608695,
                "f1-score": 0.9034517258629314,
                "support": 4945
            },
            "1": {
                "precision": 0.7060833902939166,
                "recall": 0.6588010204081632,
                "f1-score": 0.6816232266578687,
                "support": 1568
            },
            "accuracy": 0.8518347919545525,
            "macro avg": {
                "precision": 0.8000713981172554,
                "recall": 0.7859222493345164,
                "f1-score": 0.7925374762604,
                "support": 6513
            },
            "weighted avg": {
                "precision": 0.8488043172665591,
                "recall": 0.8518347919545525,
                "f1-score": 0.8500466764611905,
                "support": 6513
            },
            "roc_auc": 0.7859222493345164,
            "score": 0.7859222493345164
        },
        "test": {
            "0": {
                "precision": 0.8972360028348689,
                "recall": 0.9162846803377563,
                "f1-score": 0.9066603007877776,
                "support": 12435
            },
            "1": {
                "precision": 0.7093802345058626,
                "recall": 0.6606864274570983,
                "f1-score": 0.684168012924071,
                "support": 3846
            },
            "accuracy": 0.8559056569006818,
            "macro avg": {
                "precision": 0.8033081186703658,
                "recall": 0.7884855538974274,
                "f1-score": 0.7954141568559243,
                "support": 16281
            },
            "weighted avg": {
                "precision": 0.8528595342522659,
                "recall": 0.8559056569006818,
                "f1-score": 0.8541017761809465,
                "support": 16281
            },
            "roc_auc": 0.7884855538974274,
            "score": 0.7884855538974274
        }
    },
    "time": "0:00:50"
}
