{
    "program": "bin/ensemble.py",
    "config": {
        "seeds": [
            5,
            6,
            7,
            8,
            9
        ]
    },
    "single_model_program": "bin/train3___482a17f419934ca9871caee362ed734a.py",
    "data": "data/house",
    "prediction_type": null,
    "metrics": {
        "train": {
            "rmse": 15700.004426391873,
            "score": -15700.004426391873
        },
        "val": {
            "rmse": 28190.8518895934,
            "score": -28190.8518895934
        },
        "test": {
            "rmse": 31706.47674641662,
            "score": -31706.47674641662
        }
    }
}
