{
    "dataset": "data/epsilon",
    "algorithm": "tabnet",
    "config": {
        "data": {
            "path": "data/epsilon"
        },
        "model": {
            "batch_momentum": 0.99,
            "feature_dim": 16,
            "num_decision_steps": 9,
            "relaxation_factor": 1.105305304907764,
            "virtual_batch_size": 512
        },
        "seed": 4,
        "training": {
            "batch_size": 4096,
            "display_steps": 5,
            "epochs": 50000,
            "grad_thresh": 2000.0,
            "patience": 16,
            "schedule": {
                "decay_rate": 0.6799045023118414,
                "decay_steps": 100,
                "learning_rate": 0.001176005855047359
            },
            "sparsity_loss_weight": 0.01026308699569261
        }
    },
    "environment": {},
    "batch_size": 4096,
    "epoch_size": 78,
    "best_epoch": 17,
    "metrics": {
        "train": {
            "0": {
                "precision": 0.8938564192662094,
                "recall": 0.8959048844150816,
                "f1-score": 0.8948794795587726,
                "support": 160142
            },
            "1": {
                "precision": 0.8954799957364366,
                "recall": 0.8934241639455016,
                "f1-score": 0.894450898546731,
                "support": 159858
            },
            "accuracy": 0.894665625,
            "macro avg": {
                "precision": 0.894668207501323,
                "recall": 0.8946645241802916,
                "f1-score": 0.8946651890527517,
                "support": 320000
            },
            "weighted avg": {
                "precision": 0.8946674870392642,
                "recall": 0.894665625,
                "f1-score": 0.8946653792355759,
                "support": 320000
            },
            "roc_auc": 0.9610635418509866,
            "score": 0.894665625
        },
        "val": {
            "0": {
                "precision": 0.8913298256988256,
                "recall": 0.8928437617085051,
                "f1-score": 0.8920861513888542,
                "support": 40035
            },
            "1": {
                "precision": 0.8924731182795699,
                "recall": 0.8909545852621044,
                "f1-score": 0.8917132052791064,
                "support": 39965
            },
            "accuracy": 0.8919,
            "macro avg": {
                "precision": 0.8919014719891978,
                "recall": 0.8918991734853048,
                "f1-score": 0.8918996783339803,
                "support": 80000
            },
            "weighted avg": {
                "precision": 0.8919009717986938,
                "recall": 0.8919,
                "f1-score": 0.8918998414979032,
                "support": 80000
            },
            "roc_auc": 0.9595030683695368,
            "score": 0.8919
        },
        "test": {
            "0": {
                "precision": 0.8897440983931759,
                "recall": 0.8962333899490459,
                "f1-score": 0.892976954855408,
                "support": 50045
            },
            "1": {
                "precision": 0.8952813067150636,
                "recall": 0.8887398658792913,
                "f1-score": 0.8919985936008841,
                "support": 49955
            },
            "accuracy": 0.89249,
            "macro avg": {
                "precision": 0.8925127025541197,
                "recall": 0.8924866279141686,
                "f1-score": 0.8924877742281461,
                "support": 100000
            },
            "weighted avg": {
                "precision": 0.892510210810375,
                "recall": 0.89249,
                "f1-score": 0.8924882144907105,
                "support": 100000
            },
            "roc_auc": 0.9594914279880568,
            "score": 0.89249
        }
    }
}
