{
    "dataset": "higgs_small",
    "algorithm": "grownet",
    "config": {
        "source": "output/higgs_small/grownet/tuned",
        "seeds": [
            0,
            1,
            2,
            3,
            4
        ],
        "count": 5
    },
    "metrics": {
        "train": {
            "0": {
                "precision": 0.7379745146440723,
                "recall": 0.7478534243796904,
                "f1-score": 0.7428811282740093,
                "support": 29582
            },
            "1": {
                "precision": 0.7724110575456155,
                "recall": 0.7631896291829967,
                "f1-score": 0.7677726555865583,
                "support": 33170
            },
            "accuracy": 0.7559599694033656,
            "macro avg": {
                "precision": 0.7551927860948439,
                "recall": 0.7555215267813435,
                "f1-score": 0.7553268919302838,
                "support": 62752
            },
            "weighted avg": {
                "precision": 0.756177283130243,
                "recall": 0.7559599694033656,
                "f1-score": 0.7560385090898757,
                "support": 62752
            },
            "roc_auc": 0.7555215267813435,
            "score": 0.7555215267813435
        },
        "val": {
            "0": {
                "precision": 0.7182121414276185,
                "recall": 0.7278258518117902,
                "f1-score": 0.7229870391511652,
                "support": 7396
            },
            "1": {
                "precision": 0.7543024533138045,
                "recall": 0.7452966714905933,
                "f1-score": 0.7497725204731573,
                "support": 8292
            },
            "accuracy": 0.7370601733809281,
            "macro avg": {
                "precision": 0.7362572973707115,
                "recall": 0.7365612616511917,
                "f1-score": 0.7363797798121613,
                "support": 15688
            },
            "weighted avg": {
                "precision": 0.7372879233093277,
                "recall": 0.7370601733809281,
                "f1-score": 0.7371446890187047,
                "support": 15688
            },
            "roc_auc": 0.7365612616511917,
            "score": 0.7365612616511917
        },
        "test": {
            "0": {
                "precision": 0.7133361921097771,
                "recall": 0.7197404002163331,
                "f1-score": 0.7165239864319173,
                "support": 9245
            },
            "1": {
                "precision": 0.7480062244699475,
                "recall": 0.7420164013506995,
                "f1-score": 0.7449992735022036,
                "support": 10365
            },
            "accuracy": 0.7315145334013259,
            "macro avg": {
                "precision": 0.7306712082898623,
                "recall": 0.7308784007835163,
                "f1-score": 0.7307616299670605,
                "support": 19610
            },
            "weighted avg": {
                "precision": 0.7316612755066748,
                "recall": 0.7315145334013259,
                "f1-score": 0.7315747947176652,
                "support": 19610
            },
            "roc_auc": 0.7308784007835164,
            "score": 0.7308784007835164
        }
    }
}
