{
    "dataset": "adult",
    "algorithm": "resnet",
    "config": {
        "data": {
            "cat_policy": "indices",
            "normalization": "quantile_normal",
            "path": "data/adult"
        },
        "model": {
            "activation": "relu",
            "d": 446,
            "d_embedding": 464,
            "d_hidden_factor": 1.469369575443934,
            "hidden_dropout": 0.2530532398402544,
            "n_layers": 1,
            "normalization": "batchnorm",
            "residual_dropout": 0.4352989863471046
        },
        "seed": 5,
        "training": {
            "batch_size": 256,
            "eval_batch_size": 8192,
            "lr": 3.503813288853692e-05,
            "n_epochs": 1000000000,
            "optimizer": "adamw",
            "patience": 16,
            "weight_decay": 0.0
        }
    },
    "environment": {
        "devices": {
            "CUDA_VISIBLE_DEVICES": "1",
            "torch.version.cuda": "10.1",
            "torch.backends.cudnn.version()": 7603,
            "torch.cuda.nccl.version()": 2708,
            "driver": "450.102.04",
            "1": {
                "name": "GeForce GTX 1080 Ti",
                "total_memory": 11721506816
            }
        }
    },
    "epoch_size": 102,
    "n_parameters": 2293594,
    "best_epoch": 16,
    "metrics": {
        "train": {
            "0": {
                "precision": 0.955587564518065,
                "recall": 0.805158027812895,
                "f1-score": 0.8739468123061722,
                "support": 19775
            },
            "1": {
                "precision": 0.5894949925420839,
                "recall": 0.8820341144587917,
                "f1-score": 0.7066862507184367,
                "support": 6273
            },
            "accuracy": 0.823671683046683,
            "macro avg": {
                "precision": 0.7725412785300745,
                "recall": 0.8435960711358433,
                "f1-score": 0.7903165315123044,
                "support": 26048
            },
            "weighted avg": {
                "precision": 0.8674234557955016,
                "recall": 0.823671683046683,
                "f1-score": 0.8336663492057473,
                "support": 26048
            },
            "roc_auc": 0.8435960711358435,
            "score": 0.8435960711358435
        },
        "val": {
            "0": {
                "precision": 0.9335616438356165,
                "recall": 0.8268958543983822,
                "f1-score": 0.8769973190348526,
                "support": 4945
            },
            "1": {
                "precision": 0.5986872948898265,
                "recall": 0.8144132653061225,
                "f1-score": 0.6900837611456363,
                "support": 1568
            },
            "accuracy": 0.8238906801781053,
            "macro avg": {
                "precision": 0.7661244693627215,
                "recall": 0.8206545598522523,
                "f1-score": 0.7835405400902444,
                "support": 6513
            },
            "weighted avg": {
                "precision": 0.8529408885543331,
                "recall": 0.8238906801781053,
                "f1-score": 0.8319980162910646,
                "support": 6513
            },
            "roc_auc": 0.8206545598522523,
            "score": 0.8206545598522523
        },
        "test": {
            "0": {
                "precision": 0.9322003254384379,
                "recall": 0.8292722155207077,
                "f1-score": 0.8777290717963995,
                "support": 12435
            },
            "1": {
                "precision": 0.5932170913968193,
                "recall": 0.8049921996879875,
                "f1-score": 0.6830667402095973,
                "support": 3846
            },
            "accuracy": 0.823536637798661,
            "macro avg": {
                "precision": 0.7627087084176286,
                "recall": 0.8171322076043477,
                "f1-score": 0.7803979060029984,
                "support": 16281
            },
            "weighted avg": {
                "precision": 0.8521235784251056,
                "recall": 0.823536637798661,
                "f1-score": 0.8317447141228634,
                "support": 16281
            },
            "roc_auc": 0.8171322076043476,
            "score": 0.8171322076043476
        }
    },
    "time": "0:00:38"
}
