{
    "program": "bin/ensemble.py",
    "config": {
        "seeds": [
            5,
            6,
            7,
            8,
            9
        ]
    },
    "single_model_program": "bin/train1___8b9b274bb0d74599927b8c80da4e0399.py",
    "data": "data/churn",
    "prediction_type": "probs",
    "metrics": {
        "train": {
            "0": {
                "precision": 0.8804289544235925,
                "recall": 0.966640502354788,
                "f1-score": 0.9215227761668693,
                "support": 5096
            },
            "1": {
                "precision": 0.7888198757763976,
                "recall": 0.4869631901840491,
                "f1-score": 0.602181128496918,
                "support": 1304
            },
            "accuracy": 0.86890625,
            "macro avg": {
                "precision": 0.8346244150999951,
                "recall": 0.7268018462694186,
                "f1-score": 0.7618519523318936,
                "support": 6400
            },
            "weighted avg": {
                "precision": 0.8617636046492265,
                "recall": 0.86890625,
                "f1-score": 0.8564569154541166,
                "support": 6400
            },
            "roc_auc": 0.8803825447120803,
            "score": 0.86890625
        },
        "val": {
            "0": {
                "precision": 0.8780141843971632,
                "recall": 0.9717425431711146,
                "f1-score": 0.9225037257824144,
                "support": 1274
            },
            "1": {
                "precision": 0.8105263157894737,
                "recall": 0.4723926380368098,
                "f1-score": 0.5968992248062015,
                "support": 326
            },
            "accuracy": 0.87,
            "macro avg": {
                "precision": 0.8442702500933184,
                "recall": 0.7220675906039622,
                "f1-score": 0.7597014752943079,
                "support": 1600
            },
            "weighted avg": {
                "precision": 0.8642635311683464,
                "recall": 0.87,
                "f1-score": 0.8561618087085111,
                "support": 1600
            },
            "roc_auc": 0.8710934114089242,
            "score": 0.87
        },
        "test": {
            "0": {
                "precision": 0.8725934314835787,
                "recall": 0.9673571876961707,
                "f1-score": 0.9175349806490026,
                "support": 1593
            },
            "1": {
                "precision": 0.7777777777777778,
                "recall": 0.44717444717444715,
                "f1-score": 0.5678627145085804,
                "support": 407
            },
            "accuracy": 0.8615,
            "macro avg": {
                "precision": 0.8251856046306782,
                "recall": 0.7072658174353089,
                "f1-score": 0.7426988475787915,
                "support": 2000
            },
            "weighted avg": {
                "precision": 0.8532984459544481,
                "recall": 0.8615,
                "f1-score": 0.8463766744894267,
                "support": 2000
            },
            "roc_auc": 0.862776489895134,
            "score": 0.8615
        }
    }
}
