{
    "dataset": "epsilon",
    "algorithm": "mlp",
    "config": {
        "source": "output/epsilon/mlp/tuned",
        "seeds": [
            0,
            1,
            2,
            3,
            4
        ],
        "count": 5
    },
    "metrics": {
        "train": {
            "0": {
                "precision": 0.9048718946535946,
                "recall": 0.9002385382972612,
                "f1-score": 0.9025492700272957,
                "support": 160142
            },
            "1": {
                "precision": 0.9005713289933905,
                "recall": 0.9051908568854858,
                "f1-score": 0.9028751840666883,
                "support": 159858
            },
            "accuracy": 0.9027125,
            "macro avg": {
                "precision": 0.9027216118234926,
                "recall": 0.9027146975913736,
                "f1-score": 0.902712227046992,
                "support": 320000
            },
            "weighted avg": {
                "precision": 0.9027235201995043,
                "recall": 0.9027125,
                "f1-score": 0.9027120824226371,
                "support": 320000
            },
            "roc_auc": 0.9027146975913736,
            "score": 0.9027146975913736
        },
        "val": {
            "0": {
                "precision": 0.8990982391801261,
                "recall": 0.8940676907705758,
                "f1-score": 0.8965759086241014,
                "support": 40035
            },
            "1": {
                "precision": 0.8944736121824379,
                "recall": 0.8994870511697736,
                "f1-score": 0.8969733263467824,
                "support": 39965
            },
            "accuracy": 0.896775,
            "macro avg": {
                "precision": 0.896785925681282,
                "recall": 0.8967773709701747,
                "f1-score": 0.8967746174854418,
                "support": 80000
            },
            "weighted avg": {
                "precision": 0.8967879489555934,
                "recall": 0.896775,
                "f1-score": 0.8967744436151883,
                "support": 80000
            },
            "roc_auc": 0.8967773709701746,
            "score": 0.8967773709701746
        },
        "test": {
            "0": {
                "precision": 0.898113660939565,
                "recall": 0.896193425916675,
                "f1-score": 0.8971525159277077,
                "support": 50045
            },
            "1": {
                "precision": 0.8962286764412128,
                "recall": 0.8981483335001501,
                "f1-score": 0.8971874781287181,
                "support": 49955
            },
            "accuracy": 0.89717,
            "macro avg": {
                "precision": 0.8971711686903889,
                "recall": 0.8971708797084126,
                "f1-score": 0.897169997028213,
                "support": 100000
            },
            "weighted avg": {
                "precision": 0.8971720169334131,
                "recall": 0.89717,
                "f1-score": 0.8971699812952225,
                "support": 100000
            },
            "roc_auc": 0.8971708797084126,
            "score": 0.8971708797084126
        }
    }
}
