{
    "program": "bin/ensemble.py",
    "config": {
        "seeds": [
            10,
            11,
            12,
            13,
            14
        ]
    },
    "single_model_program": "bin/train1___b31edbf0c2b640f7ac54abbbade7c833.py",
    "data": "data/otto",
    "prediction_type": "probs",
    "metrics": {
        "train": {
            "0": {
                "precision": 0.9915966386554622,
                "recall": 0.9554655870445344,
                "f1-score": 0.9731958762886598,
                "support": 1235
            },
            "1": {
                "precision": 0.9063591251608161,
                "recall": 0.9559023066485753,
                "f1-score": 0.9304716981132075,
                "support": 10318
            },
            "2": {
                "precision": 0.8874512220168412,
                "recall": 0.8436157750878563,
                "f1-score": 0.8649784806325692,
                "support": 5122
            },
            "3": {
                "precision": 0.9720558882235529,
                "recall": 0.8484320557491289,
                "f1-score": 0.906046511627907,
                "support": 1722
            },
            "4": {
                "precision": 0.995436394751854,
                "recall": 0.995436394751854,
                "f1-score": 0.995436394751854,
                "support": 1753
            },
            "5": {
                "precision": 0.9953519256308101,
                "recall": 0.994251602918417,
                "f1-score": 0.994801460015485,
                "support": 9046
            },
            "6": {
                "precision": 0.9758562605277934,
                "recall": 0.9565217391304348,
                "f1-score": 0.9660922734852696,
                "support": 1817
            },
            "7": {
                "precision": 0.9909544028059811,
                "recall": 0.9909544028059811,
                "f1-score": 0.9909544028059811,
                "support": 5417
            },
            "8": {
                "precision": 0.9829652996845426,
                "recall": 0.9826553137811416,
                "f1-score": 0.9828102822898597,
                "support": 3171
            },
            "accuracy": 0.9541678240448473,
            "macro avg": {
                "precision": 0.9664474619397393,
                "recall": 0.9470261308797693,
                "f1-score": 0.9560874866678658,
                "support": 39601
            },
            "weighted avg": {
                "precision": 0.9545947832321157,
                "recall": 0.9541678240448473,
                "f1-score": 0.9539403255608649,
                "support": 39601
            },
            "score": 0.9541678240448473
        },
        "val": {
            "0": {
                "precision": 0.6887966804979253,
                "recall": 0.538961038961039,
                "f1-score": 0.604735883424408,
                "support": 308
            },
            "1": {
                "precision": 0.7620896576067773,
                "recall": 0.8368217054263566,
                "f1-score": 0.7977092185479402,
                "support": 2580
            },
            "2": {
                "precision": 0.6262711864406779,
                "recall": 0.5768930523028883,
                "f1-score": 0.6005688744412839,
                "support": 1281
            },
            "3": {
                "precision": 0.7325227963525835,
                "recall": 0.5591647331786543,
                "f1-score": 0.6342105263157894,
                "support": 431
            },
            "4": {
                "precision": 0.9813519813519813,
                "recall": 0.9611872146118722,
                "f1-score": 0.9711649365628604,
                "support": 438
            },
            "5": {
                "precision": 0.950945094509451,
                "recall": 0.9341290893015031,
                "f1-score": 0.9424620874219448,
                "support": 2262
            },
            "6": {
                "precision": 0.714902807775378,
                "recall": 0.7290748898678414,
                "f1-score": 0.7219193020719737,
                "support": 454
            },
            "7": {
                "precision": 0.909942363112392,
                "recall": 0.9327917282127031,
                "f1-score": 0.9212253829321663,
                "support": 1354
            },
            "8": {
                "precision": 0.8529411764705882,
                "recall": 0.8776796973518285,
                "f1-score": 0.8651336233685518,
                "support": 793
            },
            "accuracy": 0.821028178971821,
            "macro avg": {
                "precision": 0.8021959715686393,
                "recall": 0.7718559054682985,
                "f1-score": 0.7843477594541021,
                "support": 9901
            },
            "weighted avg": {
                "precision": 0.81912852926121,
                "recall": 0.821028178971821,
                "f1-score": 0.8186428522245082,
                "support": 9901
            },
            "score": 0.821028178971821
        },
        "test": {
            "0": {
                "precision": 0.7003367003367004,
                "recall": 0.538860103626943,
                "f1-score": 0.6090775988286969,
                "support": 386
            },
            "1": {
                "precision": 0.768507972665148,
                "recall": 0.8371588089330024,
                "f1-score": 0.8013657957244654,
                "support": 3224
            },
            "2": {
                "precision": 0.6108474576271187,
                "recall": 0.5627732667083073,
                "f1-score": 0.5858257477243174,
                "support": 1601
            },
            "3": {
                "precision": 0.7363420427553444,
                "recall": 0.5762081784386617,
                "f1-score": 0.6465067778936392,
                "support": 538
            },
            "4": {
                "precision": 0.9833641404805915,
                "recall": 0.9708029197080292,
                "f1-score": 0.9770431588613407,
                "support": 548
            },
            "5": {
                "precision": 0.9507142857142857,
                "recall": 0.9416342412451362,
                "f1-score": 0.9461524791185356,
                "support": 2827
            },
            "6": {
                "precision": 0.7650375939849624,
                "recall": 0.7165492957746479,
                "f1-score": 0.74,
                "support": 568
            },
            "7": {
                "precision": 0.9014722536806342,
                "recall": 0.9403425871234495,
                "f1-score": 0.9204972535414859,
                "support": 1693
            },
            "8": {
                "precision": 0.8546511627906976,
                "recall": 0.8900100908173562,
                "f1-score": 0.8719723183391002,
                "support": 991
            },
            "accuracy": 0.8236102133160956,
            "macro avg": {
                "precision": 0.8079192900039426,
                "recall": 0.7749266102639482,
                "f1-score": 0.7887156811146201,
                "support": 12376
            },
            "weighted avg": {
                "precision": 0.8206500068482385,
                "recall": 0.8236102133160956,
                "f1-score": 0.8207396634147432,
                "support": 12376
            },
            "score": 0.8236102133160956
        }
    }
}
