{
    "dataset": "adult",
    "algorithm": "snn",
    "config": {
        "data": {
            "cat_policy": "indices",
            "normalization": "quantile",
            "path": "data/adult"
        },
        "model": {
            "d_embedding": 209,
            "d_layers": [
                238,
                291,
                291,
                291,
                316
            ],
            "dropout": 0.0006029034525698021
        },
        "seed": 9,
        "training": {
            "batch_size": 256,
            "eval_batch_size": 8192,
            "lr": 3.023601607420123e-05,
            "n_epochs": 1000000000,
            "optimizer": "adamw",
            "patience": 16,
            "weight_decay": 0.0009899616895091778
        }
    },
    "environment": {
        "devices": {
            "CUDA_VISIBLE_DEVICES": "0",
            "torch.version.cuda": "10.1",
            "torch.backends.cudnn.version()": 7603,
            "torch.cuda.nccl.version()": 2708,
            "driver": "450.80.02",
            "0": {
                "name": "Tesla V100-PCIE-32GB",
                "total_memory": 34089730048
            }
        }
    },
    "batch_size": 256,
    "epoch_size": 102,
    "n_parameters": 753002,
    "best_epoch": 59,
    "metrics": {
        "train": {
            "0": {
                "precision": 0.896680216802168,
                "recall": 0.9369911504424778,
                "f1-score": 0.9163925913103688,
                "support": 19775
            },
            "1": {
                "precision": 0.7685735512630015,
                "recall": 0.6596524788777299,
                "f1-score": 0.7099596808784422,
                "support": 6273
            },
            "accuracy": 0.8702011670761671,
            "macro avg": {
                "precision": 0.8326268840325848,
                "recall": 0.7983218146601039,
                "f1-score": 0.8131761360944054,
                "support": 26048
            },
            "weighted avg": {
                "precision": 0.865828976287457,
                "recall": 0.8702011670761671,
                "f1-score": 0.8666784617365253,
                "support": 26048
            },
            "roc_auc": 0.9262784759921668,
            "score": 0.8702011670761671
        },
        "val": {
            "0": {
                "precision": 0.8831739961759082,
                "recall": 0.9340748230535895,
                "f1-score": 0.9079115479115479,
                "support": 4945
            },
            "1": {
                "precision": 0.7459080280592362,
                "recall": 0.6103316326530612,
                "f1-score": 0.6713433882848123,
                "support": 1568
            },
            "accuracy": 0.8561338860740059,
            "macro avg": {
                "precision": 0.8145410121175722,
                "recall": 0.7722032278533253,
                "f1-score": 0.7896274680981801,
                "support": 6513
            },
            "weighted avg": {
                "precision": 0.8501273144613463,
                "recall": 0.8561338860740059,
                "f1-score": 0.85095793601308,
                "support": 6513
            },
            "roc_auc": 0.9096916850663419,
            "score": 0.8561338860740059
        },
        "test": {
            "0": {
                "precision": 0.8882668711656442,
                "recall": 0.9314837153196622,
                "f1-score": 0.9093621197252207,
                "support": 12435
            },
            "1": {
                "precision": 0.7371181734032706,
                "recall": 0.6211648465938637,
                "f1-score": 0.6741921828700437,
                "support": 3846
            },
            "accuracy": 0.8581782445795713,
            "macro avg": {
                "precision": 0.8126925222844574,
                "recall": 0.776324280956763,
                "f1-score": 0.7917771512976322,
                "support": 16281
            },
            "weighted avg": {
                "precision": 0.8525615771668671,
                "recall": 0.8581782445795713,
                "f1-score": 0.8538088013083538,
                "support": 16281
            },
            "roc_auc": 0.9110266155720617,
            "score": 0.8581782445795713
        }
    },
    "time": "0:01:20"
}
