{
    "dataset": "covtype",
    "algorithm": "node",
    "config": {
        "data": {
            "normalization": "quantile_normal",
            "path": "data/covtype"
        },
        "model": {
            "bin_function": "entmoid15",
            "choice_function": "entmax15",
            "depth": 6,
            "layer_dim": 128,
            "num_layers": 8,
            "tree_dim": 7
        },
        "seed": 8,
        "training": {
            "eval_batch_size": 8192,
            "lr": 0.001,
            "lr_n_decays": 0,
            "n_epochs": 1000000000,
            "optimizer": "adam",
            "patience": 16,
            "weight_decay": 0.0
        }
    },
    "environment": {
        "devices": {
            "CUDA_VISIBLE_DEVICES": "0,1",
            "torch.version.cuda": "10.1",
            "torch.backends.cudnn.version()": 7603,
            "torch.cuda.nccl.version()": 2708,
            "driver": "418.67",
            "0": {
                "name": "Tesla V100-PCIE-32GB",
                "total_memory": 34058272768
            },
            "1": {
                "name": "Tesla V100-PCIE-32GB",
                "total_memory": 34058272768
            }
        }
    },
    "batch_size": 1024,
    "epoch_size": 364,
    "chunk_sizes": {},
    "eval_batch_sizes": {},
    "n_parameters": 20070400,
    "metrics": {
        "val": {
            "0": {
                "precision": 0.9406215316315205,
                "recall": 0.9501681713577624,
                "f1-score": 0.9453707508953207,
                "support": 33894
            },
            "1": {
                "precision": 0.958360167891803,
                "recall": 0.9520384751147194,
                "f1-score": 0.955188861958675,
                "support": 45328
            },
            "2": {
                "precision": 0.944415494180997,
                "recall": 0.950358328963468,
                "f1-score": 0.9473775919149678,
                "support": 5721
            },
            "3": {
                "precision": 0.8747044917257684,
                "recall": 0.8428246013667426,
                "f1-score": 0.8584686774941996,
                "support": 439
            },
            "4": {
                "precision": 0.8689655172413793,
                "recall": 0.8294930875576036,
                "f1-score": 0.8487706298416975,
                "support": 1519
            },
            "5": {
                "precision": 0.9111997100398695,
                "recall": 0.9046419575386829,
                "f1-score": 0.9079089924160346,
                "support": 2779
            },
            "6": {
                "precision": 0.9449485783424078,
                "recall": 0.9518586227909811,
                "f1-score": 0.9483910139647844,
                "support": 3282
            },
            "accuracy": 0.9473118048234762,
            "macro avg": {
                "precision": 0.9204593558648207,
                "recall": 0.9116261778128515,
                "f1-score": 0.9159252169265256,
                "support": 92962
            },
            "weighted avg": {
                "precision": 0.9472954115273522,
                "recall": 0.9473118048234762,
                "f1-score": 0.94727945722941,
                "support": 92962
            },
            "score": 0.9473118048234762
        },
        "test": {
            "0": {
                "precision": 0.9381024623643366,
                "recall": 0.948664086102719,
                "f1-score": 0.9433537136352435,
                "support": 42368
            },
            "1": {
                "precision": 0.9567211948790896,
                "recall": 0.9496126083196555,
                "f1-score": 0.9531536478862012,
                "support": 56661
            },
            "2": {
                "precision": 0.9437187326292384,
                "recall": 0.9496573905747447,
                "f1-score": 0.9466787481703492,
                "support": 7151
            },
            "3": {
                "precision": 0.8745318352059925,
                "recall": 0.8506375227686703,
                "f1-score": 0.8624192059095106,
                "support": 549
            },
            "4": {
                "precision": 0.8703601108033241,
                "recall": 0.8272775144813059,
                "f1-score": 0.8482721382289417,
                "support": 1899
            },
            "5": {
                "precision": 0.9015781922525108,
                "recall": 0.9046933486898935,
                "f1-score": 0.9031330842196033,
                "support": 3473
            },
            "6": {
                "precision": 0.947535383113714,
                "recall": 0.946611409068747,
                "f1-score": 0.9470731707317073,
                "support": 4102
            },
            "accuracy": 0.9453542507508412,
            "macro avg": {
                "precision": 0.9189354158926007,
                "recall": 0.9110219828579622,
                "f1-score": 0.9148691012545082,
                "support": 116203
            },
            "weighted avg": {
                "precision": 0.9453606226749482,
                "recall": 0.9453542507508412,
                "f1-score": 0.9453298193051939,
                "support": 116203
            },
            "score": 0.9453542507508412
        }
    },
    "time": "5:09:47"
}
