{
    "dataset": "jannis",
    "algorithm": "resnet",
    "config": {
        "data": {
            "normalization": "quantile_normal",
            "path": "data/jannis"
        },
        "model": {
            "activation": "relu",
            "d": 295,
            "d_hidden_factor": 1.007892719393832,
            "hidden_dropout": 0.4140696386912213,
            "n_layers": 6,
            "normalization": "batchnorm",
            "residual_dropout": 0.0
        },
        "seed": 2,
        "training": {
            "batch_size": 512,
            "eval_batch_size": 8192,
            "lr": 0.00159055268341055,
            "n_epochs": 1000000000,
            "optimizer": "adamw",
            "patience": 16,
            "weight_decay": 0.0
        }
    },
    "environment": {
        "devices": {
            "CUDA_VISIBLE_DEVICES": "0",
            "torch.version.cuda": "10.1",
            "torch.backends.cudnn.version()": 7603,
            "torch.cuda.nccl.version()": 2708,
            "driver": "418.67",
            "0": {
                "name": "Tesla V100-PCIE-32GB",
                "total_memory": 34058272768
            }
        }
    },
    "epoch_size": 105,
    "n_parameters": 1076471,
    "best_epoch": 32,
    "metrics": {
        "train": {
            "0": {
                "precision": 0.6004784688995215,
                "recall": 0.2324074074074074,
                "f1-score": 0.3351134846461949,
                "support": 1080
            },
            "1": {
                "precision": 0.6919933795386366,
                "recall": 0.7261329715061058,
                "f1-score": 0.7086522418496252,
                "support": 18425
            },
            "2": {
                "precision": 0.7333616388918374,
                "recall": 0.732661717921527,
                "f1-score": 0.733011511325659,
                "support": 9430
            },
            "3": {
                "precision": 0.8403440507884498,
                "recall": 0.8322313714355251,
                "f1-score": 0.8362680361946686,
                "support": 24653
            },
            "accuracy": 0.7661416735089945,
            "macro avg": {
                "precision": 0.7165443845296113,
                "recall": 0.6308583670676413,
                "f1-score": 0.6532613185040369,
                "support": 53588
            },
            "weighted avg": {
                "precision": 0.7656769594545149,
                "recall": 0.7661416735089945,
                "f1-score": 0.7641198508547691,
                "support": 53588
            },
            "score": 0.7661416735089945
        },
        "val": {
            "0": {
                "precision": 0.4,
                "recall": 0.1259259259259259,
                "f1-score": 0.1915492957746479,
                "support": 270
            },
            "1": {
                "precision": 0.6436684896928901,
                "recall": 0.6642066420664207,
                "f1-score": 0.653776305950219,
                "support": 4607
            },
            "2": {
                "precision": 0.6860367892976589,
                "recall": 0.6962240135765804,
                "f1-score": 0.6910928616550853,
                "support": 2357
            },
            "3": {
                "precision": 0.8156315874817578,
                "recall": 0.8160285528877352,
                "f1-score": 0.8158300218960345,
                "support": 6164
            },
            "accuracy": 0.7288401253918495,
            "macro avg": {
                "precision": 0.6363342166180767,
                "recall": 0.5755962836141656,
                "f1-score": 0.5880621213189967,
                "support": 13398
            },
            "weighted avg": {
                "precision": 0.7253263583838844,
                "recall": 0.7288401253918495,
                "f1-score": 0.7255820183057179,
                "support": 13398
            },
            "score": 0.7288401253918495
        },
        "test": {
            "0": {
                "precision": 0.36885245901639346,
                "recall": 0.13353115727002968,
                "f1-score": 0.19607843137254902,
                "support": 337
            },
            "1": {
                "precision": 0.6416136591898226,
                "recall": 0.6656825286557833,
                "f1-score": 0.6534265257415617,
                "support": 5758
            },
            "2": {
                "precision": 0.6812816188870152,
                "recall": 0.6854428232100441,
                "f1-score": 0.6833558863328822,
                "support": 2947
            },
            "3": {
                "precision": 0.8138173302107728,
                "recall": 0.8118105126541207,
                "f1-score": 0.8128126827366644,
                "support": 7705
            },
            "accuracy": 0.725682211739416,
            "macro avg": {
                "precision": 0.626391266826001,
                "recall": 0.5741167554474945,
                "f1-score": 0.5864183815459143,
                "support": 16747
            },
            "weighted avg": {
                "precision": 0.7223332052569154,
                "recall": 0.725682211739416,
                "f1-score": 0.7228207968054854,
                "support": 16747
            },
            "score": 0.725682211739416
        }
    },
    "time": "0:01:48"
}
