{
    "dataset": "adult",
    "algorithm": "snn",
    "config": {
        "source": "output/adult/snn/tuned",
        "seeds": [
            0,
            1,
            2,
            3,
            4
        ],
        "count": 5
    },
    "metrics": {
        "train": {
            "0": {
                "precision": 0.9495239805999641,
                "recall": 0.801921618204804,
                "f1-score": 0.8695032350038381,
                "support": 19775
            },
            "1": {
                "precision": 0.5809350593773404,
                "recall": 0.8656145384983261,
                "f1-score": 0.6952624839948783,
                "support": 6273
            },
            "accuracy": 0.8172604422604423,
            "macro avg": {
                "precision": 0.7652295199886523,
                "recall": 0.8337680783515651,
                "f1-score": 0.7823828594993583,
                "support": 26048
            },
            "weighted avg": {
                "precision": 0.8607586894901086,
                "recall": 0.8172604422604423,
                "f1-score": 0.8275417703585984,
                "support": 26048
            },
            "roc_auc": 0.8337680783515651,
            "score": 0.8337680783515651
        },
        "val": {
            "0": {
                "precision": 0.9413743392599712,
                "recall": 0.7923154701718907,
                "f1-score": 0.8604370264631601,
                "support": 4945
            },
            "1": {
                "precision": 0.5631646108039132,
                "recall": 0.8443877551020408,
                "f1-score": 0.6756825720847155,
                "support": 1568
            },
            "accuracy": 0.8048518347919545,
            "macro avg": {
                "precision": 0.7522694750319422,
                "recall": 0.8183516126369658,
                "f1-score": 0.7680597992739377,
                "support": 6513
            },
            "weighted avg": {
                "precision": 0.8503206229665429,
                "recall": 0.8048518347919545,
                "f1-score": 0.8159575263149332,
                "support": 6513
            },
            "roc_auc": 0.8183516126369659,
            "score": 0.8183516126369659
        },
        "test": {
            "0": {
                "precision": 0.9433765741880503,
                "recall": 0.8012062726176116,
                "f1-score": 0.8664985214819969,
                "support": 12435
            },
            "1": {
                "precision": 0.5678321678321678,
                "recall": 0.8445137805512221,
                "f1-score": 0.6790717123144471,
                "support": 3846
            },
            "accuracy": 0.8114366439407898,
            "macro avg": {
                "precision": 0.755604371010109,
                "recall": 0.8228600265844168,
                "f1-score": 0.772785116898222,
                "support": 16281
            },
            "weighted avg": {
                "precision": 0.8546631175917281,
                "recall": 0.8114366439407898,
                "f1-score": 0.8222233843246726,
                "support": 16281
            },
            "roc_auc": 0.8228600265844168,
            "score": 0.8228600265844168
        }
    }
}
