{
    "program": "bin/ensemble.py",
    "config": {
        "seeds": [
            5,
            6,
            7,
            8,
            9
        ]
    },
    "single_model_program": "bin/train3___c026de4b2acf4475951d10e8659d36eb.py",
    "data": "data/santander",
    "prediction_type": "probs",
    "metrics": {
        "train": {
            "0": {
                "precision": 0.9263766278105643,
                "recall": 0.9897774844100123,
                "f1-score": 0.9570281664119318,
                "support": 115138
            },
            "1": {
                "precision": 0.7637494981934966,
                "recall": 0.29583268542994867,
                "f1-score": 0.4264738847791975,
                "support": 12862
            },
            "accuracy": 0.920046875,
            "macro avg": {
                "precision": 0.8450630630020304,
                "recall": 0.6428050849199805,
                "f1-score": 0.6917510255955647,
                "support": 128000
            },
            "weighted avg": {
                "precision": 0.9100351423329491,
                "recall": 0.920046875,
                "f1-score": 0.9037157510184924,
                "support": 128000
            },
            "roc_auc": 0.8878371192377859,
            "score": 0.920046875
        },
        "val": {
            "0": {
                "precision": 0.9236844671238664,
                "recall": 0.9873193440800445,
                "f1-score": 0.954442410706789,
                "support": 28784
            },
            "1": {
                "precision": 0.7039740470397404,
                "recall": 0.26990049751243783,
                "f1-score": 0.39020004495392224,
                "support": 3216
            },
            "accuracy": 0.91521875,
            "macro avg": {
                "precision": 0.8138292570818034,
                "recall": 0.6286099207962412,
                "f1-score": 0.6723212278303556,
                "support": 32000
            },
            "weighted avg": {
                "precision": 0.9016035699054119,
                "recall": 0.91521875,
                "f1-score": 0.897736052948626,
                "support": 32000
            },
            "roc_auc": 0.8713146546658037,
            "score": 0.91521875
        },
        "test": {
            "0": {
                "precision": 0.9240322161600416,
                "recall": 0.9884936075597555,
                "f1-score": 0.9551765811736269,
                "support": 35980
            },
            "1": {
                "precision": 0.7258278145695364,
                "recall": 0.272636815920398,
                "f1-score": 0.39638336347197106,
                "support": 4020
            },
            "accuracy": 0.91655,
            "macro avg": {
                "precision": 0.8249300153647889,
                "recall": 0.6305652117400767,
                "f1-score": 0.675779972322799,
                "support": 40000
            },
            "weighted avg": {
                "precision": 0.9041126738001958,
                "recall": 0.91655,
                "f1-score": 0.8990178627946105,
                "support": 40000
            },
            "roc_auc": 0.8673388857546619,
            "score": 0.91655
        }
    }
}
