{
    "program": "bin/ensemble.py",
    "config": {
        "seeds": [
            0,
            1,
            2,
            3,
            4
        ]
    },
    "single_model_program": "bin/train1___d5904ebed7c44241a91cc330066f768b.py",
    "data": "data/eye",
    "prediction_type": "probs",
    "metrics": {
        "train": {
            "0": {
                "precision": 0.9510629763337345,
                "recall": 0.9741166803615448,
                "f1-score": 0.9624517962248833,
                "support": 2434
            },
            "1": {
                "precision": 0.9756645451141894,
                "recall": 0.9556288962229557,
                "f1-score": 0.9655427936272692,
                "support": 2727
            },
            "2": {
                "precision": 0.9983642311886587,
                "recall": 0.9967338051170387,
                "f1-score": 0.9975483519476982,
                "support": 1837
            },
            "accuracy": 0.9728493855387254,
            "macro avg": {
                "precision": 0.9750305842121941,
                "recall": 0.9754931272338464,
                "f1-score": 0.9751809805999502,
                "support": 6998
            },
            "weighted avg": {
                "precision": 0.9730665320972094,
                "recall": 0.9728493855387254,
                "f1-score": 0.9728692759018078,
                "support": 6998
            },
            "score": 0.9728493855387254
        },
        "val": {
            "0": {
                "precision": 0.6965408805031447,
                "recall": 0.7274220032840722,
                "f1-score": 0.7116465863453815,
                "support": 609
            },
            "1": {
                "precision": 0.7195301027900147,
                "recall": 0.718475073313783,
                "f1-score": 0.719002201027146,
                "support": 682
            },
            "2": {
                "precision": 0.836027713625866,
                "recall": 0.7886710239651417,
                "f1-score": 0.8116591928251121,
                "support": 459
            },
            "accuracy": 0.74,
            "macro avg": {
                "precision": 0.7506995656396751,
                "recall": 0.7448560335209989,
                "f1-score": 0.7474359933992131,
                "support": 1750
            },
            "weighted avg": {
                "precision": 0.7420855125048443,
                "recall": 0.74,
                "f1-score": 0.7407450523951871,
                "support": 1750
            },
            "score": 0.74
        },
        "test": {
            "0": {
                "precision": 0.6592689295039165,
                "recall": 0.6636005256241787,
                "f1-score": 0.6614276358873609,
                "support": 761
            },
            "1": {
                "precision": 0.6808252427184466,
                "recall": 0.6576787807737398,
                "f1-score": 0.669051878354204,
                "support": 853
            },
            "2": {
                "precision": 0.7642140468227425,
                "recall": 0.7961672473867596,
                "f1-score": 0.779863481228669,
                "support": 574
            },
            "accuracy": 0.6960694698354661,
            "macro avg": {
                "precision": 0.7014360730150352,
                "recall": 0.7058155179282259,
                "f1-score": 0.7034476651567446,
                "support": 2188
            },
            "weighted avg": {
                "precision": 0.695204044912052,
                "recall": 0.6960694698354661,
                "f1-score": 0.6954704393837631,
                "support": 2188
            },
            "score": 0.6960694698354661
        }
    }
}
