{"dataset": "covtype", "algorithm": "ft_transformer", "config": {"data": {"normalization": "quantile_normal", "path": "data/covtype"}, "model": {"activation": "reglu", "attention_dropout": 0.0001731656192907032, "d_ffn_factor": 1.333333333333333, "d_token": 512, "ffn_dropout": 0.2657061627268498, "initialization": "kaiming", "n_heads": 8, "n_layers": 3, "prenormalization": true, "residual_dropout": 0.0, "token_bias": false}, "seed": 12, "training": {"batch_size": 1024, "eval_batch_size": 8192, "lr": 0.0002995346531832487, "n_epochs": 1000000000, "optimizer": "adamw", "patience": 16, "weight_decay": 0.0007083356850730412}}, "environment": {"devices": {"CUDA_VISIBLE_DEVICES": "0,1", "torch.version.cuda": "10.1", "torch.backends.cudnn.version()": 7603, "torch.cuda.nccl.version()": 2708, "driver": "418.67", "0": {"name": "Tesla V100-PCIE-32GB", "total_memory": 34058272768}, "1": {"name": "Tesla V100-PCIE-32GB", "total_memory": 34058272768}}}, "epoch_size": 364, "n_parameters": 6338051, "best_epoch": 104, "metrics": {"train": {"0": {"precision": 0.9951853137299788, "recall": 0.9940182035433477, "f1-score": 0.9946014162518404, "support": 135578}, "1": {"precision": 0.9953202255552065, "recall": 0.9959076067772679, "f1-score": 0.9956138295320774, "support": 181312}, "2": {"precision": 0.9968088826717958, "recall": 0.9965475045887597, "f1-score": 0.9966781764937279, "support": 22882}, "3": {"precision": 0.9809417040358744, "recall": 0.9948834565093804, "f1-score": 0.9878633926051369, "support": 1759}, "4": {"precision": 0.9795618051013735, "recall": 0.9861728395061728, "f1-score": 0.9828562053974244, "support": 6075}, "5": {"precision": 0.9941541505531073, "recall": 0.9945119208277103, "f1-score": 0.9943330035081408, "support": 11115}, "6": {"precision": 0.9942809211529663, "recall": 0.9933719335669663, "f1-score": 0.9938262195121952, "support": 13126}, "accuracy": 0.9949629820867185, "macro avg": {"precision": 0.9908932861143288, "recall": 0.9936304950456579, "f1-score": 0.9922531776143632, "support": 371847}, "weighted avg": {"precision": 0.9949656316492703, "recall": 0.9949629820867185, "f1-score": 0.9949637161357584, "support": 371847}, "score": 0.9949629820867185}, "val": {"0": {"precision": 0.962547258979206, "recall": 0.9614681064495191, "f1-score": 0.9620073800738007, "support": 33894}, "1": {"precision": 0.968785158059606, "recall": 0.9688492763854571, "f1-score": 0.9688172161616607, "support": 45328}, "2": {"precision": 0.9661312849162011, "recall": 0.9673134067470722, "f1-score": 0.9667219844527906, "support": 5721}, "3": {"precision": 0.8802660753880266, "recall": 0.9043280182232346, "f1-score": 0.8921348314606742, "support": 439}, "4": {"precision": 0.8703352308665402, "recall": 0.9058591178406846, "f1-score": 0.887741935483871, "support": 1519}, "5": {"precision": 0.9424667385832435, "recall": 0.9431450161928752, "f1-score": 0.9428057553956835, "support": 2779}, "6": {"precision": 0.9703153988868275, "recall": 0.9561243144424132, "f1-score": 0.9631675874769796, "support": 3282}, "accuracy": 0.9635119726339795, "macro avg": {"precision": 0.9372638779542359, "recall": 0.9438696080401794, "f1-score": 0.9404852415007801, "support": 92962}, "weighted avg": {"precision": 0.9635880655517701, "recall": 0.9635119726339795, "f1-score": 0.9635414663497651, "support": 92962}, "score": 0.9635119726339795}, "test": {"0": {"precision": 0.9630585616519454, "recall": 0.9598989803625377, "f1-score": 0.9614761752780832, "support": 42368}, "1": {"precision": 0.9670718816067654, "recall": 0.968761582040557, "f1-score": 0.9679159943925728, "support": 56661}, "2": {"precision": 0.9627000695894224, "recall": 0.9672773038735841, "f1-score": 0.9649832589285714, "support": 7151}, "3": {"precision": 0.8745644599303136, "recall": 0.9143897996357013, "f1-score": 0.8940338379341052, "support": 549}, "4": {"precision": 0.8700155359917141, "recall": 0.8846761453396524, "f1-score": 0.8772845953002609, "support": 1899}, "5": {"precision": 0.9362745098039216, "recall": 0.9349265764468759, "f1-score": 0.9356000576285839, "support": 3473}, "6": {"precision": 0.9662228796844181, "recall": 0.9553876157971721, "f1-score": 0.9607746996812945, "support": 4102}, "accuracy": 0.962324552722391, "macro avg": {"precision": 0.9342725568940715, "recall": 0.9407597147851544, "f1-score": 0.937438374163353, "support": 116203}, "weighted avg": {"precision": 0.9623659994818466, "recall": 0.962324552722391, "f1-score": 0.962339448024538, "support": 116203}, "score": 0.962324552722391}}, "time": "1:31:04"}
