{
    "dataset": "epsilon",
    "algorithm": "grownet",
    "config": {
        "data": {
            "path": "data/epsilon"
        },
        "model": {
            "boost_rate": 1.0,
            "correct_epoch": 1,
            "epochs_per_stage": 2,
            "hidden_d": 376,
            "num_nets": 40,
            "sparse": false
        },
        "patience": 16,
        "seed": 2,
        "training": {
            "eval_batch_size": 8192,
            "lr": 0.006692557918512089,
            "lr_scaler": 3,
            "n_epochs": 1000000000,
            "weight_decay": 0.0008892897979667636
        }
    },
    "environment": {
        "devices": {
            "CUDA_VISIBLE_DEVICES": "0",
            "torch.version.cuda": "10.1",
            "torch.backends.cudnn.version()": 7603,
            "torch.cuda.nccl.version()": 2708,
            "driver": "450.51.06",
            "0": {
                "name": "GeForce RTX 2080 Ti",
                "total_memory": 11554717696
            }
        }
    },
    "batch_size": 1024,
    "epoch_size": 313,
    "metrics": {
        "train": {
            "0": {
                "precision": 0.8978771129727854,
                "recall": 0.9048407038753107,
                "f1-score": 0.9013454588431418,
                "support": 160142
            },
            "1": {
                "precision": 0.9039252030060019,
                "recall": 0.8969022507475385,
                "f1-score": 0.900400032655727,
                "support": 159858
            },
            "accuracy": 0.900875,
            "macro avg": {
                "precision": 0.9009011579893936,
                "recall": 0.9008714773114246,
                "f1-score": 0.9008727457494343,
                "support": 320000
            },
            "weighted avg": {
                "precision": 0.9008984741494415,
                "recall": 0.900875,
                "f1-score": 0.9008731652823051,
                "support": 320000
            },
            "roc_auc": 0.9661745451149816,
            "pr_auc": 0.9666772720895592,
            "score": 0.900875
        },
        "val": {
            "0": {
                "precision": 0.8934695998614238,
                "recall": 0.90186087173723,
                "f1-score": 0.8976456256370733,
                "support": 40035
            },
            "1": {
                "precision": 0.9007552602995782,
                "recall": 0.8922807456524459,
                "f1-score": 0.8964979762174121,
                "support": 39965
            },
            "accuracy": 0.897075,
            "macro avg": {
                "precision": 0.897112430080501,
                "recall": 0.8970708086948379,
                "f1-score": 0.8970718009272427,
                "support": 80000
            },
            "weighted avg": {
                "precision": 0.8971092426040592,
                "recall": 0.897075,
                "f1-score": 0.8970723030238638,
                "support": 80000
            },
            "roc_auc": 0.9629335631835093,
            "pr_auc": 0.9633827521023045,
            "score": 0.897075
        },
        "test": {
            "0": {
                "precision": 0.8938428034052662,
                "recall": 0.9021480667399341,
                "f1-score": 0.8979762319128834,
                "support": 50045
            },
            "1": {
                "precision": 0.9010507173166297,
                "recall": 0.8926633970573516,
                "f1-score": 0.8968374478354869,
                "support": 49955
            },
            "accuracy": 0.89741,
            "macro avg": {
                "precision": 0.897446760360948,
                "recall": 0.8974057318986428,
                "f1-score": 0.8974068398741852,
                "support": 100000
            },
            "weighted avg": {
                "precision": 0.8974435167996879,
                "recall": 0.89741,
                "f1-score": 0.89740735232702,
                "support": 100000
            },
            "roc_auc": 0.9628872983387116,
            "pr_auc": 0.9634521328181137,
            "score": 0.89741
        }
    },
    "time": "0:10:56"
}
