{
    "dataset": "california_housing",
    "algorithm": "snn",
    "config": {
        "source": "output/california_housing/snn/tuned_2",
        "seeds": [
            0,
            1,
            2,
            3,
            4
        ],
        "count": 5
    },
    "metrics": {
        "train": {
            "rmse": 0.396916049715677,
            "score": -0.396916049715677
        },
        "val": {
            "rmse": 0.4833966813636264,
            "score": -0.4833966813636264
        },
        "test": {
            "rmse": 0.4776332773213775,
            "score": -0.4776332773213775
        }
    }
}
