{
    "dataset": "year",
    "algorithm": "ft_transformer",
    "config": {
        "source": "output/year/ft_transformer/tuned_2",
        "seeds": [
            5,
            6,
            7,
            8,
            9
        ],
        "count": 5
    },
    "metrics": {
        "train": {
            "rmse": 7.638325731427786,
            "score": -7.638325731427786
        },
        "val": {
            "rmse": 8.38832817345466,
            "score": -8.38832817345466
        },
        "test": {
            "rmse": 8.738031819444176,
            "score": -8.738031819444176
        }
    }
}
