{
    "dataset": "epsilon",
    "algorithm": "mlp",
    "config": {
        "data": {
            "path": "data/epsilon"
        },
        "model": {
            "d_layers": [
                481,
                156
            ],
            "dropout": 0.0
        },
        "seed": 3,
        "training": {
            "batch_size": 1024,
            "eval_batch_size": 8192,
            "lr": 2.553049137163297e-05,
            "n_epochs": 1000000000,
            "optimizer": "adamw",
            "patience": 16,
            "weight_decay": 4.151903192558631e-05
        }
    },
    "environment": {
        "devices": {
            "CUDA_VISIBLE_DEVICES": "0",
            "torch.version.cuda": "10.1",
            "torch.backends.cudnn.version()": 7603,
            "torch.cuda.nccl.version()": 2708,
            "driver": "418.67",
            "0": {
                "name": "Tesla V100-PCIE-32GB",
                "total_memory": 34058272768
            }
        }
    },
    "epoch_size": 313,
    "n_parameters": 1037830,
    "best_epoch": 43,
    "metrics": {
        "train": {
            "0": {
                "precision": 0.9045223609107446,
                "recall": 0.9005008055350876,
                "f1-score": 0.9025071032505977,
                "support": 160142
            },
            "1": {
                "precision": 0.9007660210500094,
                "recall": 0.9047779904665391,
                "f1-score": 0.9027675484040096,
                "support": 159858
            },
            "accuracy": 0.9026375,
            "macro avg": {
                "precision": 0.902644190980377,
                "recall": 0.9026393980008134,
                "f1-score": 0.9026373258273037,
                "support": 320000
            },
            "weighted avg": {
                "precision": 0.9026458578561902,
                "recall": 0.9026375,
                "f1-score": 0.9026372102547668,
                "support": 320000
            },
            "roc_auc": 0.9026393980008134,
            "score": 0.9026393980008134
        },
        "val": {
            "0": {
                "precision": 0.8986147359967878,
                "recall": 0.8944173847883102,
                "f1-score": 0.8965111475532966,
                "support": 40035
            },
            "1": {
                "precision": 0.8947250448296473,
                "recall": 0.8989115476041536,
                "f1-score": 0.8968134103873086,
                "support": 39965
            },
            "accuracy": 0.8966625,
            "macro avg": {
                "precision": 0.8966698904132175,
                "recall": 0.896664466196232,
                "f1-score": 0.8966622789703026,
                "support": 80000
            },
            "weighted avg": {
                "precision": 0.8966715921531031,
                "recall": 0.8966625,
                "f1-score": 0.8966621467303129,
                "support": 80000
            },
            "roc_auc": 0.8966644661962319,
            "score": 0.8966644661962319
        },
        "test": {
            "0": {
                "precision": 0.8978880992893604,
                "recall": 0.8962733539814167,
                "f1-score": 0.89708,
                "support": 50045
            },
            "1": {
                "precision": 0.8962733539814167,
                "recall": 0.8978880992893604,
                "f1-score": 0.89708,
                "support": 49955
            },
            "accuracy": 0.89708,
            "macro avg": {
                "precision": 0.8970807266353886,
                "recall": 0.8970807266353886,
                "f1-score": 0.89708,
                "support": 100000
            },
            "weighted avg": {
                "precision": 0.8970814532707772,
                "recall": 0.89708,
                "f1-score": 0.89708,
                "support": 100000
            },
            "roc_auc": 0.8970807266353885,
            "score": 0.8970807266353885
        }
    },
    "time": "00h 01m 53s"
}
