{
    "dataset": "jannis",
    "algorithm": "ft_transformer",
    "config": {
        "data": {
            "normalization": "quantile_normal",
            "path": "data/jannis"
        },
        "model": {
            "activation": "reglu",
            "attention_dropout": 0.4194914895568438,
            "d_ffn_factor": 1.061031416526688,
            "d_token": 288,
            "ffn_dropout": 0.4632881116664471,
            "initialization": "kaiming",
            "n_heads": 8,
            "n_layers": 4,
            "prenormalization": false,
            "residual_dropout": 0.0
        },
        "seed": 11,
        "training": {
            "batch_size": 512,
            "eval_batch_size": 8192,
            "lr": 0.0001089430445312344,
            "n_epochs": 1000000000,
            "optimizer": "adamw",
            "patience": 16,
            "weight_decay": 2.897993930091118e-05
        }
    },
    "environment": {
        "devices": {
            "CUDA_VISIBLE_DEVICES": "0",
            "torch.version.cuda": "10.1",
            "torch.backends.cudnn.version()": 7603,
            "torch.cuda.nccl.version()": 2708,
            "driver": "450.80.02",
            "0": {
                "name": "Tesla V100-PCIE-32GB",
                "total_memory": 34089730048
            }
        }
    },
    "epoch_size": 105,
    "n_parameters": 2426540,
    "best_epoch": 48,
    "metrics": {
        "train": {
            "0": {
                "precision": 0.5096582466567607,
                "recall": 0.3175925925925926,
                "f1-score": 0.39132915002852253,
                "support": 1080
            },
            "1": {
                "precision": 0.6827007943512798,
                "recall": 0.7556580732700136,
                "f1-score": 0.7173291429454648,
                "support": 18425
            },
            "2": {
                "precision": 0.7907581764122894,
                "recall": 0.6768822905620361,
                "f1-score": 0.7294023540166839,
                "support": 9430
            },
            "3": {
                "precision": 0.8447380260951368,
                "recall": 0.8377479414270068,
                "f1-score": 0.8412284631990551,
                "support": 24653
            },
            "accuracy": 0.7707322534895872,
            "macro avg": {
                "precision": 0.7069638108788667,
                "recall": 0.6469702244629123,
                "f1-score": 0.6698222775474316,
                "support": 53588
            },
            "weighted avg": {
                "precision": 0.772773180622582,
                "recall": 0.7707322534895872,
                "f1-score": 0.7698830790927936,
                "support": 53588
            },
            "score": 0.7707322534895872
        },
        "val": {
            "0": {
                "precision": 0.358974358974359,
                "recall": 0.2074074074074074,
                "f1-score": 0.2629107981220657,
                "support": 270
            },
            "1": {
                "precision": 0.6395600078570025,
                "recall": 0.7067505969177339,
                "f1-score": 0.6714786553928644,
                "support": 4607
            },
            "2": {
                "precision": 0.7458128078817734,
                "recall": 0.6423419601187951,
                "f1-score": 0.6902211078185547,
                "support": 2357
            },
            "3": {
                "precision": 0.8255187060937755,
                "recall": 0.8197598961713173,
                "f1-score": 0.8226292226292227,
                "support": 6164
            },
            "accuracy": 0.7373488580385132,
            "macro avg": {
                "precision": 0.6424664702017276,
                "recall": 0.5940649651538135,
                "f1-score": 0.611809945990677,
                "support": 13398
            },
            "weighted avg": {
                "precision": 0.7381515245305016,
                "recall": 0.7373488580385132,
                "f1-score": 0.7360819346397034,
                "support": 13398
            },
            "score": 0.7373488580385132
        },
        "test": {
            "0": {
                "precision": 0.34444444444444444,
                "recall": 0.18397626112759644,
                "f1-score": 0.23984526112185686,
                "support": 337
            },
            "1": {
                "precision": 0.6376925495127318,
                "recall": 0.7045849253212921,
                "f1-score": 0.6694719471947196,
                "support": 5758
            },
            "2": {
                "precision": 0.7471034758290052,
                "recall": 0.6345436036647438,
                "f1-score": 0.6862385321100918,
                "support": 2947
            },
            "3": {
                "precision": 0.815762139703973,
                "recall": 0.8154445165476963,
                "f1-score": 0.8156032972025703,
                "support": 7705
            },
            "accuracy": 0.7327879620230489,
            "macro avg": {
                "precision": 0.6362506523725386,
                "recall": 0.5846373266653322,
                "f1-score": 0.6027897594073096,
                "support": 16747
            },
            "weighted avg": {
                "precision": 0.7329714401122158,
                "recall": 0.7327879620230489,
                "f1-score": 0.7310094753698875,
                "support": 16747
            },
            "score": 0.7327879620230489
        }
    },
    "time": "0:09:14"
}
