{
    "config": {
        "data": {
            "cat_policy": "indices",
            "path": "data/adult"
        },
        "fit": {
            "logging_level": "Verbose"
        },
        "model": {
            "iterations": 2000,
            "task_type": "CPU",
            "thread_count": 10
        },
        "seed": 2
    },
    "environment": {
        "devices": {
            "CUDA_VISIBLE_DEVICES": "0",
            "torch.version.cuda": "10.1",
            "torch.backends.cudnn.version()": 7603,
            "torch.cuda.nccl.version()": 2708,
            "driver": "450.102.04",
            "0": {
                "name": "GeForce GTX 1080 Ti",
                "total_memory": 11720130560
            }
        }
    },
    "dataset": "adult",
    "algorithm": "catboost_",
    "metrics": {
        "train": {
            "0": {
                "precision": 0.911827435773146,
                "recall": 0.951251580278129,
                "f1-score": 0.9311223858433363,
                "support": 19775
            },
            "1": {
                "precision": 0.8220745662606128,
                "recall": 0.7100271002710027,
                "f1-score": 0.7619536395517919,
                "support": 6273
            },
            "accuracy": 0.8931587837837838,
            "macro avg": {
                "precision": 0.8669510010168794,
                "recall": 0.8306393402745658,
                "f1-score": 0.8465380126975641,
                "support": 26048
            },
            "weighted avg": {
                "precision": 0.8902127340512433,
                "recall": 0.8931587837837838,
                "f1-score": 0.890382384864879,
                "support": 26048
            },
            "roc_auc": 0.8306393402745659,
            "score": 0.8306393402745659
        },
        "val": {
            "0": {
                "precision": 0.8977426201041868,
                "recall": 0.9409504550050556,
                "f1-score": 0.9188388625592417,
                "support": 4945
            },
            "1": {
                "precision": 0.7804511278195488,
                "recall": 0.6619897959183674,
                "f1-score": 0.7163561076604554,
                "support": 1568
            },
            "accuracy": 0.8737908797789037,
            "macro avg": {
                "precision": 0.8390968739618678,
                "recall": 0.8014701254617115,
                "f1-score": 0.8175974851098486,
                "support": 6513
            },
            "weighted avg": {
                "precision": 0.86950477887859,
                "recall": 0.8737908797789037,
                "f1-score": 0.8700912869901802,
                "support": 6513
            },
            "roc_auc": 0.8014701254617115,
            "score": 0.8014701254617115
        },
        "test": {
            "0": {
                "precision": 0.8991207774178621,
                "recall": 0.9375150784077202,
                "f1-score": 0.9179166174560057,
                "support": 12435
            },
            "1": {
                "precision": 0.7656108597285067,
                "recall": 0.6599063962558502,
                "f1-score": 0.708839547549225,
                "support": 3846
            },
            "accuracy": 0.8719366132301456,
            "macro avg": {
                "precision": 0.8323658185731844,
                "recall": 0.7987107373317852,
                "f1-score": 0.8133780825026153,
                "support": 16281
            },
            "weighted avg": {
                "precision": 0.8675822267493982,
                "recall": 0.8719366132301456,
                "f1-score": 0.8685271198292336,
                "support": 16281
            },
            "roc_auc": 0.7987107373317852,
            "score": 0.7987107373317852
        }
    }
}
