{
    "dataset": "epsilon",
    "algorithm": "node",
    "config": {
        "data": {
            "path": "data/epsilon"
        },
        "model": {
            "bin_function": "entmoid15",
            "choice_function": "entmax15",
            "depth": 8,
            "layer_dim": 256,
            "num_layers": 8,
            "tree_dim": 2
        },
        "seed": 0,
        "training": {
            "eval_batch_size": 8192,
            "lr": 0.001,
            "lr_n_decays": 0,
            "n_epochs": 1000000000,
            "optimizer": "adam",
            "patience": 16,
            "weight_decay": 0.0
        }
    },
    "environment": {
        "devices": {
            "CUDA_VISIBLE_DEVICES": "0,1,2,3",
            "torch.version.cuda": "10.1",
            "torch.backends.cudnn.version()": 7603,
            "torch.cuda.nccl.version()": 2708,
            "driver": "418.67",
            "0": {
                "name": "Tesla V100-PCIE-32GB",
                "total_memory": 34058272768
            },
            "1": {
                "name": "Tesla V100-PCIE-32GB",
                "total_memory": 34058272768
            },
            "2": {
                "name": "Tesla V100-PCIE-32GB",
                "total_memory": 34058272768
            },
            "3": {
                "name": "Tesla V100-PCIE-32GB",
                "total_memory": 34058272768
            }
        }
    },
    "batch_size": 1024,
    "epoch_size": 313,
    "chunk_sizes": {},
    "eval_batch_sizes": {},
    "n_parameters": 63209472,
    "best_epoch_0": 8,
    "metrics_0": {
        "val": {
            "0": {
                "precision": 0.9046093109105825,
                "recall": 0.8814037716997627,
                "f1-score": 0.892855787356249,
                "support": 40035
            },
            "1": {
                "precision": 0.8841725214676034,
                "recall": 0.9068935318403604,
                "f1-score": 0.8953889101621849,
                "support": 39965
            },
            "accuracy": 0.8941375,
            "macro avg": {
                "precision": 0.8943909161890929,
                "recall": 0.8941486517700615,
                "f1-score": 0.8941223487592169,
                "support": 80000
            },
            "weighted avg": {
                "precision": 0.8943998572844742,
                "recall": 0.8941375,
                "f1-score": 0.8941212405179892,
                "support": 80000
            },
            "roc_auc": 0.8941486517700615,
            "score": 0.8941486517700615
        },
        "test": {
            "0": {
                "precision": 0.9023595093524593,
                "recall": 0.8849235687880908,
                "f1-score": 0.8935564904209923,
                "support": 50045
            },
            "1": {
                "precision": 0.8869054632575312,
                "recall": 0.9040736662996697,
                "f1-score": 0.8954072781704453,
                "support": 49955
            },
            "accuracy": 0.89449,
            "macro avg": {
                "precision": 0.8946324863049953,
                "recall": 0.8944986175438803,
                "f1-score": 0.8944818842957187,
                "support": 100000
            },
            "weighted avg": {
                "precision": 0.894639440625738,
                "recall": 0.89449,
                "f1-score": 0.8944810514412316,
                "support": 100000
            },
            "roc_auc": 0.8944986175438803,
            "score": 0.8944986175438803
        }
    },
    "time_0": "01h 31m 24s",
    "metrics": {
        "train": {
            "0": {
                "precision": 0.9173806648648994,
                "recall": 0.8965917747998651,
                "f1-score": 0.9068670951035038,
                "support": 160142
            },
            "1": {
                "precision": 0.8987075424957336,
                "recall": 0.9191094596454353,
                "f1-score": 0.9087940125871747,
                "support": 159858
            },
            "accuracy": 0.907840625,
            "macro avg": {
                "precision": 0.9080441036803165,
                "recall": 0.9078506172226501,
                "f1-score": 0.9078305538453393,
                "support": 320000
            },
            "weighted avg": {
                "precision": 0.9080523898783678,
                "recall": 0.907840625,
                "f1-score": 0.907829698775706,
                "support": 320000
            },
            "roc_auc": 0.9078506172226501,
            "score": 0.9078506172226501
        },
        "val": {
            "0": {
                "precision": 0.9046093109105825,
                "recall": 0.8814037716997627,
                "f1-score": 0.892855787356249,
                "support": 40035
            },
            "1": {
                "precision": 0.8841725214676034,
                "recall": 0.9068935318403604,
                "f1-score": 0.8953889101621849,
                "support": 39965
            },
            "accuracy": 0.8941375,
            "macro avg": {
                "precision": 0.8943909161890929,
                "recall": 0.8941486517700615,
                "f1-score": 0.8941223487592169,
                "support": 80000
            },
            "weighted avg": {
                "precision": 0.8943998572844742,
                "recall": 0.8941375,
                "f1-score": 0.8941212405179892,
                "support": 80000
            },
            "roc_auc": 0.8941486517700615,
            "score": 0.8941486517700615
        },
        "test": {
            "0": {
                "precision": 0.9023595093524593,
                "recall": 0.8849235687880908,
                "f1-score": 0.8935564904209923,
                "support": 50045
            },
            "1": {
                "precision": 0.8869054632575312,
                "recall": 0.9040736662996697,
                "f1-score": 0.8954072781704453,
                "support": 49955
            },
            "accuracy": 0.89449,
            "macro avg": {
                "precision": 0.8946324863049953,
                "recall": 0.8944986175438803,
                "f1-score": 0.8944818842957187,
                "support": 100000
            },
            "weighted avg": {
                "precision": 0.894639440625738,
                "recall": 0.89449,
                "f1-score": 0.8944810514412316,
                "support": 100000
            },
            "roc_auc": 0.8944986175438803,
            "score": 0.8944986175438803
        }
    },
    "time_final": "01h 31m 58s"
}
