{
    "dataset": "california_housing",
    "algorithm": "ft_transformer",
    "config": {
        "source": "output/california_housing/ft_transformer/default_2",
        "seeds": [
            0,
            1,
            2,
            3,
            4
        ],
        "count": 5
    },
    "metrics": {
        "train": {
            "rmse": 0.363539214971312,
            "score": -0.363539214971312
        },
        "val": {
            "rmse": 0.46339878144676494,
            "score": -0.46339878144676494
        },
        "test": {
            "rmse": 0.4530426158538624,
            "score": -0.4530426158538624
        }
    }
}
