{
    "program": "bin/ensemble.py",
    "config": {
        "seeds": [
            5,
            6,
            7,
            8,
            9
        ]
    },
    "single_model_program": "bin/train3___4f2f4fbbee9c4c42a6ddf7c37c7762bf.py",
    "data": "data/house",
    "prediction_type": null,
    "metrics": {
        "train": {
            "rmse": 19571.211363390325,
            "score": -19571.211363390325
        },
        "val": {
            "rmse": 28314.145415082516,
            "score": -28314.145415082516
        },
        "test": {
            "rmse": 30432.641998767962,
            "score": -30432.641998767962
        }
    }
}
