{
    "program": "bin/ensemble.py",
    "config": {
        "seeds": [
            0,
            1,
            2,
            3,
            4
        ]
    },
    "single_model_program": "bin/train1___9e981840b3ee485bb4455ed6d414d28b.py",
    "data": "data/adult",
    "prediction_type": "probs",
    "metrics": {
        "train": {
            "0": {
                "precision": 0.9041022908897176,
                "recall": 0.9439696586599241,
                "f1-score": 0.9236059571520459,
                "support": 19775
            },
            "1": {
                "precision": 0.7948528050361044,
                "recall": 0.6843615494978479,
                "f1-score": 0.7354805550796643,
                "support": 6273
            },
            "accuracy": 0.8814496314496314,
            "macro avg": {
                "precision": 0.8494775479629111,
                "recall": 0.814165604078886,
                "f1-score": 0.8295432561158551,
                "support": 26048
            },
            "weighted avg": {
                "precision": 0.8777923237229596,
                "recall": 0.8814496314496314,
                "f1-score": 0.8783007265316508,
                "support": 26048
            },
            "roc_auc": 0.9388410306204648,
            "score": 0.8814496314496314
        },
        "val": {
            "0": {
                "precision": 0.8957007904376325,
                "recall": 0.9395348837209302,
                "f1-score": 0.9170943545203315,
                "support": 4945
            },
            "1": {
                "precision": 0.7745098039215687,
                "recall": 0.6549744897959183,
                "f1-score": 0.7097442985487215,
                "support": 1568
            },
            "accuracy": 0.8710271764163979,
            "macro avg": {
                "precision": 0.8351052971796006,
                "recall": 0.7972546867584243,
                "f1-score": 0.8134193265345264,
                "support": 6513
            },
            "weighted avg": {
                "precision": 0.8665241488197624,
                "recall": 0.8710271764163979,
                "f1-score": 0.8671749797677621,
                "support": 6513
            },
            "roc_auc": 0.9285285461505127,
            "score": 0.8710271764163979
        },
        "test": {
            "0": {
                "precision": 0.89842489435267,
                "recall": 0.9403297145154805,
                "f1-score": 0.9188998035363458,
                "support": 12435
            },
            "1": {
                "precision": 0.7728107777097367,
                "recall": 0.656266250650026,
                "f1-score": 0.7097862767154105,
                "support": 3846
            },
            "accuracy": 0.8732264602911369,
            "macro avg": {
                "precision": 0.8356178360312034,
                "recall": 0.7982979825827532,
                "f1-score": 0.8143430401258782,
                "support": 16281
            },
            "weighted avg": {
                "precision": 0.8687515393616547,
                "recall": 0.8732264602911369,
                "f1-score": 0.8695016938285075,
                "support": 16281
            },
            "roc_auc": 0.9242451909576181,
            "score": 0.8732264602911369
        }
    }
}
