{
    "dataset": "adult",
    "algorithm": "xgboost_",
    "config": {
        "source": "output/adult/xgboost/tuned",
        "seeds": [
            5,
            6,
            7,
            8,
            9
        ],
        "count": 5
    },
    "metrics": {
        "train": {
            "0": {
                "precision": 0.9071130109024542,
                "recall": 0.955094816687737,
                "f1-score": 0.9304857621440535,
                "support": 19775
            },
            "1": {
                "precision": 0.8301128754543715,
                "recall": 0.6916945640044636,
                "f1-score": 0.7546086956521739,
                "support": 6273
            },
            "accuracy": 0.891661547911548,
            "macro avg": {
                "precision": 0.8686129431784129,
                "recall": 0.8233946903461002,
                "f1-score": 0.8425472288981137,
                "support": 26048
            },
            "weighted avg": {
                "precision": 0.8885694816615981,
                "recall": 0.891661547911548,
                "f1-score": 0.8881302324257044,
                "support": 26048
            },
            "roc_auc": 0.9515239776031285,
            "score": 0.891661547911548
        },
        "val": {
            "0": {
                "precision": 0.8908122503328895,
                "recall": 0.9470171890798786,
                "f1-score": 0.9180552832777886,
                "support": 4945
            },
            "1": {
                "precision": 0.7914012738853503,
                "recall": 0.6339285714285714,
                "f1-score": 0.7039660056657224,
                "support": 1568
            },
            "accuracy": 0.871641332719177,
            "macro avg": {
                "precision": 0.8411067621091199,
                "recall": 0.790472880254225,
                "f1-score": 0.8110106444717555,
                "support": 6513
            },
            "weighted avg": {
                "precision": 0.8668791302546243,
                "recall": 0.871641332719177,
                "f1-score": 0.8665134458302652,
                "support": 6513
            },
            "roc_auc": 0.9252218923464229,
            "score": 0.871641332719177
        },
        "test": {
            "0": {
                "precision": 0.8949416342412452,
                "recall": 0.9433051869722557,
                "f1-score": 0.9184871975569651,
                "support": 12435
            },
            "1": {
                "precision": 0.777882797731569,
                "recall": 0.641965678627145,
                "f1-score": 0.7034188034188034,
                "support": 3846
            },
            "accuracy": 0.8721208770960015,
            "macro avg": {
                "precision": 0.8364122159864071,
                "recall": 0.7926354327997004,
                "f1-score": 0.8109530004878842,
                "support": 16281
            },
            "weighted avg": {
                "precision": 0.8672892612164792,
                "recall": 0.8721208770960015,
                "f1-score": 0.8676823917185418,
                "support": 16281
            },
            "roc_auc": 0.9259634028304436,
            "score": 0.8721208770960015
        }
    }
}
