{
    "program": "bin/catboost____54185ec6d4c54206926af4b0042bb822.py",
    "environment": {},
    "config": {
        "seed": 6,
        "data": {
            "path": "data/adult",
            "T": {
                "seed": 0,
                "normalization": null,
                "num_nan_policy": null,
                "cat_nan_policy": null,
                "cat_min_frequency": null,
                "cat_encoding": null,
                "y_policy": "default"
            },
            "T_cache": false
        },
        "catboost": {
            "iterations": 2000,
            "early_stopping_rounds": 50,
            "od_pval": 0.001,
            "task_type": "CPU",
            "thread_count": 4,
            "bagging_temperature": 0.19842642056648427,
            "depth": 9,
            "l2_leaf_reg": 8.295078018890539,
            "leaf_estimation_iterations": 2,
            "learning_rate": 0.041103142163271704
        },
        "catboost_fit": {
            "logging_level": "Verbose"
        }
    },
    "prediction_type": "probs",
    "metrics": {
        "train": {
            "0": {
                "precision": 0.9057067180351553,
                "recall": 0.9510493046776233,
                "f1-score": 0.9278243709916133,
                "support": 19775
            },
            "1": {
                "precision": 0.8167707741813364,
                "recall": 0.6878686433923162,
                "f1-score": 0.746798200069228,
                "support": 6273
            },
            "accuracy": 0.887668918918919,
            "macro avg": {
                "precision": 0.8612387461082458,
                "recall": 0.8194589740349698,
                "f1-score": 0.8373112855304207,
                "support": 26048
            },
            "weighted avg": {
                "precision": 0.8842887521339342,
                "recall": 0.887668918918919,
                "f1-score": 0.8842288100964918,
                "support": 26048
            },
            "roc_auc": 0.9418499406381735,
            "score": 0.887668918918919
        },
        "val": {
            "0": {
                "precision": 0.8959415272167724,
                "recall": 0.9419615773508595,
                "f1-score": 0.9183753943217666,
                "support": 4945
            },
            "1": {
                "precision": 0.7815829528158296,
                "recall": 0.6549744897959183,
                "f1-score": 0.7126995142262318,
                "support": 1568
            },
            "accuracy": 0.8728696453247351,
            "macro avg": {
                "precision": 0.8387622400163011,
                "recall": 0.7984680335733889,
                "f1-score": 0.8155374542739993,
                "support": 6513
            },
            "weighted avg": {
                "precision": 0.868409783832667,
                "recall": 0.8728696453247351,
                "f1-score": 0.8688590761903681,
                "support": 6513
            },
            "roc_auc": 0.928359595860589,
            "score": 0.8728696453247351
        },
        "test": {
            "0": {
                "precision": 0.8972981271108382,
                "recall": 0.9400884599919582,
                "f1-score": 0.9181950280799591,
                "support": 12435
            },
            "1": {
                "precision": 0.7709806332616047,
                "recall": 0.6521060842433697,
                "f1-score": 0.7065783913227216,
                "support": 3846
            },
            "accuracy": 0.8720594558073829,
            "macro avg": {
                "precision": 0.8341393801862215,
                "recall": 0.796097272117664,
                "f1-score": 0.8123867097013404,
                "support": 16281
            },
            "weighted avg": {
                "precision": 0.867458615941736,
                "recall": 0.8720594558073829,
                "f1-score": 0.8682056180333813,
                "support": 16281
            },
            "roc_auc": 0.9253055461985267,
            "score": 0.8720594558073829
        }
    },
    "time": "0:00:56"
}
