{
    "dataset": "jannis",
    "algorithm": "ft_transformer",
    "config": {
        "data": {
            "normalization": "quantile_normal",
            "path": "data/jannis"
        },
        "model": {
            "activation": "reglu",
            "attention_dropout": 0.4194914895568438,
            "d_ffn_factor": 1.061031416526688,
            "d_token": 288,
            "ffn_dropout": 0.4632881116664471,
            "initialization": "kaiming",
            "n_heads": 8,
            "n_layers": 4,
            "prenormalization": false,
            "residual_dropout": 0.0
        },
        "seed": 13,
        "training": {
            "batch_size": 512,
            "eval_batch_size": 8192,
            "lr": 0.0001089430445312344,
            "n_epochs": 1000000000,
            "optimizer": "adamw",
            "patience": 16,
            "weight_decay": 2.897993930091118e-05
        }
    },
    "environment": {
        "devices": {
            "CUDA_VISIBLE_DEVICES": "0",
            "torch.version.cuda": "10.1",
            "torch.backends.cudnn.version()": 7603,
            "torch.cuda.nccl.version()": 2708,
            "driver": "450.80.02",
            "0": {
                "name": "Tesla V100-PCIE-32GB",
                "total_memory": 34089730048
            }
        }
    },
    "epoch_size": 105,
    "n_parameters": 2426540,
    "best_epoch": 58,
    "metrics": {
        "train": {
            "0": {
                "precision": 0.5886075949367089,
                "recall": 0.34444444444444444,
                "f1-score": 0.4345794392523365,
                "support": 1080
            },
            "1": {
                "precision": 0.7054005757966842,
                "recall": 0.7712890094979648,
                "f1-score": 0.7368748541650462,
                "support": 18425
            },
            "2": {
                "precision": 0.78534152847037,
                "recall": 0.7181336161187699,
                "f1-score": 0.7502354179360771,
                "support": 9430
            },
            "3": {
                "precision": 0.8581882829619217,
                "recall": 0.8419664949499047,
                "f1-score": 0.8500000000000001,
                "support": 24653
            },
            "accuracy": 0.785847577815929,
            "macro avg": {
                "precision": 0.7343844955414212,
                "recall": 0.6689583912527709,
                "f1-score": 0.692922427838365,
                "support": 53588
            },
            "weighted avg": {
                "precision": 0.7874036755415653,
                "recall": 0.785847577815929,
                "f1-score": 0.785176438260818,
                "support": 53588
            },
            "score": 0.785847577815929
        },
        "val": {
            "0": {
                "precision": 0.3469387755102041,
                "recall": 0.18888888888888888,
                "f1-score": 0.2446043165467626,
                "support": 270
            },
            "1": {
                "precision": 0.6443866319791876,
                "recall": 0.6989364011287171,
                "f1-score": 0.6705539358600583,
                "support": 4607
            },
            "2": {
                "precision": 0.7251732101616628,
                "recall": 0.6661009758167161,
                "f1-score": 0.6943830163644404,
                "support": 2357
            },
            "3": {
                "precision": 0.8265725078009525,
                "recall": 0.8165152498377677,
                "f1-score": 0.8215130988329388,
                "support": 6164
            },
            "accuracy": 0.7369756680101508,
            "macro avg": {
                "precision": 0.6357677813630017,
                "recall": 0.5926103789180225,
                "f1-score": 0.60776359190105,
                "support": 13398
            },
            "weighted avg": {
                "precision": 0.7364225165959085,
                "recall": 0.7369756680101508,
                "f1-score": 0.7356137228505848,
                "support": 13398
            },
            "score": 0.7369756680101508
        },
        "test": {
            "0": {
                "precision": 0.31333333333333335,
                "recall": 0.1394658753709199,
                "f1-score": 0.19301848049281314,
                "support": 337
            },
            "1": {
                "precision": 0.6381965391331957,
                "recall": 0.6981590830149358,
                "f1-score": 0.6668325454093058,
                "support": 5758
            },
            "2": {
                "precision": 0.7277546383945476,
                "recall": 0.6521886664404479,
                "f1-score": 0.6879026485325699,
                "support": 2947
            },
            "3": {
                "precision": 0.8174219668277394,
                "recall": 0.8123296560674886,
                "f1-score": 0.8148678557479495,
                "support": 7705
            },
            "accuracy": 0.7313548695288709,
            "macro avg": {
                "precision": 0.624176619422204,
                "recall": 0.5755358202234481,
                "f1-score": 0.5906553825456595,
                "support": 16747
            },
            "weighted avg": {
                "precision": 0.7298774813052331,
                "recall": 0.7313548695288709,
                "f1-score": 0.7291141672034571,
                "support": 16747
            },
            "score": 0.7313548695288709
        }
    },
    "time": "0:10:37"
}
