{
    "dataset": "adult",
    "algorithm": "node",
    "config": {
        "data": {
            "cat_policy": "indices",
            "normalization": "quantile",
            "path": "data/adult"
        },
        "model": {
            "bin_function": "entmoid15",
            "choice_function": "entmax15",
            "d_embedding": 256,
            "depth": 6,
            "layer_dim": 128,
            "num_layers": 8,
            "tree_dim": 2
        },
        "seed": 0,
        "training": {
            "eval_batch_size": 256,
            "lr": 0.001,
            "lr_n_decays": 0,
            "n_epochs": 1000000000,
            "optimizer": "adam",
            "patience": 16,
            "weight_decay": 0.0
        }
    },
    "environment": {
        "devices": {
            "CUDA_VISIBLE_DEVICES": "1",
            "torch.version.cuda": "10.1",
            "torch.backends.cudnn.version()": 7603,
            "torch.cuda.nccl.version()": 2708,
            "driver": "450.51.06",
            "1": {
                "name": "GeForce RTX 2080 Ti",
                "total_memory": 11552096256
            }
        }
    },
    "batch_size": 256,
    "epoch_size": 102,
    "chunk_sizes": {},
    "eval_batch_sizes": {},
    "n_parameters": 18294272,
    "best_epoch_0": 14,
    "metrics_0": {
        "val": {
            "0": {
                "precision": 0.888094317742559,
                "recall": 0.9292214357937311,
                "f1-score": 0.9081925091412195,
                "support": 4945
            },
            "1": {
                "precision": 0.7386109036594474,
                "recall": 0.6307397959183674,
                "f1-score": 0.6804265565875474,
                "support": 1568
            },
            "accuracy": 0.857362198679564,
            "macro avg": {
                "precision": 0.8133526107010032,
                "recall": 0.7799806158560492,
                "f1-score": 0.7943095328643834,
                "support": 6513
            },
            "weighted avg": {
                "precision": 0.8521062948218897,
                "recall": 0.857362198679564,
                "f1-score": 0.8533580221760485,
                "support": 6513
            },
            "roc_auc": 0.9087558810177254,
            "pr_auc": 0.7646540047674295,
            "score": 0.857362198679564
        },
        "test": {
            "0": {
                "precision": 0.8877300613496932,
                "recall": 0.9309207880981102,
                "f1-score": 0.9088125613346417,
                "support": 12435
            },
            "1": {
                "precision": 0.7349583461894477,
                "recall": 0.6193447737909517,
                "f1-score": 0.6722167348666572,
                "support": 3846
            },
            "accuracy": 0.8573183465389104,
            "macro avg": {
                "precision": 0.8113442037695704,
                "recall": 0.775132780944531,
                "f1-score": 0.7905146481006495,
                "support": 16281
            },
            "weighted avg": {
                "precision": 0.8516413679950895,
                "recall": 0.8573183465389104,
                "f1-score": 0.8529224103245153,
                "support": 16281
            },
            "roc_auc": 0.9103492084999041,
            "pr_auc": 0.7716457490026654,
            "score": 0.8573183465389104
        }
    },
    "time_0": "0:07:27",
    "metrics": {
        "train": {
            "0": {
                "precision": 0.9002422480620155,
                "recall": 0.9396207332490518,
                "f1-score": 0.9195100828900161,
                "support": 19775
            },
            "1": {
                "precision": 0.779215976331361,
                "recall": 0.6717678941495298,
                "f1-score": 0.7215135690437462,
                "support": 6273
            },
            "accuracy": 0.875115171990172,
            "macro avg": {
                "precision": 0.8397291121966882,
                "recall": 0.8056943136992908,
                "f1-score": 0.8205118259668811,
                "support": 26048
            },
            "weighted avg": {
                "precision": 0.8710961407767577,
                "recall": 0.875115171990172,
                "f1-score": 0.8718276454146762,
                "support": 26048
            },
            "roc_auc": 0.9263904724419446,
            "pr_auc": 0.8138865560086354,
            "score": 0.875115171990172
        },
        "val": {
            "0": {
                "precision": 0.888094317742559,
                "recall": 0.9292214357937311,
                "f1-score": 0.9081925091412195,
                "support": 4945
            },
            "1": {
                "precision": 0.7386109036594474,
                "recall": 0.6307397959183674,
                "f1-score": 0.6804265565875474,
                "support": 1568
            },
            "accuracy": 0.857362198679564,
            "macro avg": {
                "precision": 0.8133526107010032,
                "recall": 0.7799806158560492,
                "f1-score": 0.7943095328643834,
                "support": 6513
            },
            "weighted avg": {
                "precision": 0.8521062948218897,
                "recall": 0.857362198679564,
                "f1-score": 0.8533580221760485,
                "support": 6513
            },
            "roc_auc": 0.9087558810177254,
            "pr_auc": 0.7646540047674295,
            "score": 0.857362198679564
        },
        "test": {
            "0": {
                "precision": 0.8877300613496932,
                "recall": 0.9309207880981102,
                "f1-score": 0.9088125613346417,
                "support": 12435
            },
            "1": {
                "precision": 0.7349583461894477,
                "recall": 0.6193447737909517,
                "f1-score": 0.6722167348666572,
                "support": 3846
            },
            "accuracy": 0.8573183465389104,
            "macro avg": {
                "precision": 0.8113442037695704,
                "recall": 0.775132780944531,
                "f1-score": 0.7905146481006495,
                "support": 16281
            },
            "weighted avg": {
                "precision": 0.8516413679950895,
                "recall": 0.8573183465389104,
                "f1-score": 0.8529224103245153,
                "support": 16281
            },
            "roc_auc": 0.9103492084999041,
            "pr_auc": 0.7716457490026654,
            "score": 0.8573183465389104
        }
    },
    "time_final": "0:07:37"
}
