{
    "dataset": "higgs_small",
    "algorithm": "snn",
    "config": {
        "data": {
            "normalization": "quantile",
            "path": "data/higgs_small"
        },
        "model": {
            "d_layers": [
                119,
                135,
                135,
                92
            ],
            "dropout": 0.08809227719075471
        },
        "seed": 10,
        "training": {
            "eval_batch_size": 8192,
            "lr": 0.001814930917194763,
            "lr_n_decays": 0,
            "n_epochs": 1000000000,
            "optimizer": "adamw",
            "patience": 16,
            "weight_decay": 0.0001458699387750375
        }
    },
    "environment": {
        "devices": {
            "CUDA_VISIBLE_DEVICES": "0",
            "torch.version.cuda": "10.1",
            "torch.backends.cudnn.version()": 7603,
            "torch.cuda.nccl.version()": 2708,
            "driver": "450.51.06",
            "0": {
                "name": "GeForce RTX 2080 Ti",
                "total_memory": 11554717696
            }
        }
    },
    "batch_size": 512,
    "epoch_size": 123,
    "n_parameters": 50616,
    "best_epoch": 45,
    "metrics": {
        "train": {
            "0": {
                "precision": 0.7541409104880298,
                "recall": 0.7464674464201203,
                "f1-score": 0.7502845590608701,
                "support": 29582
            },
            "1": {
                "precision": 0.7759254279824326,
                "recall": 0.78296653602653,
                "f1-score": 0.7794300805810238,
                "support": 33170
            },
            "accuracy": 0.7657604538500765,
            "macro avg": {
                "precision": 0.7650331692352312,
                "recall": 0.7647169912233251,
                "f1-score": 0.764857319820947,
                "support": 62752
            },
            "weighted avg": {
                "precision": 0.76565596092928,
                "recall": 0.7657604538500765,
                "f1-score": 0.7656905532733813,
                "support": 62752
            },
            "roc_auc": 0.8531015548630994,
            "pr_auc": 0.8684474728621668,
            "score": 0.7657604538500765
        },
        "val": {
            "0": {
                "precision": 0.7168105219893136,
                "recall": 0.7074094104921579,
                "f1-score": 0.7120789384144267,
                "support": 7396
            },
            "1": {
                "precision": 0.7420431517463345,
                "recall": 0.7507235890014472,
                "f1-score": 0.7463581320064743,
                "support": 8292
            },
            "accuracy": 0.7303034166241713,
            "macro avg": {
                "precision": 0.7294268368678241,
                "recall": 0.7290664997468026,
                "f1-score": 0.7292185352104505,
                "support": 15688
            },
            "weighted avg": {
                "precision": 0.7301474015115739,
                "recall": 0.7303034166241713,
                "f1-score": 0.7301974412997695,
                "support": 15688
            },
            "roc_auc": 0.8064117166630533,
            "pr_auc": 0.8213493775344118,
            "score": 0.7303034166241713
        },
        "test": {
            "0": {
                "precision": 0.7106355099366674,
                "recall": 0.7039480800432666,
                "f1-score": 0.7072759876107156,
                "support": 9245
            },
            "1": {
                "precision": 0.7381362418675852,
                "recall": 0.7443318861553304,
                "f1-score": 0.741221117356007,
                "support": 10365
            },
            "accuracy": 0.7252932177460479,
            "macro avg": {
                "precision": 0.7243858759021262,
                "recall": 0.7241399830992985,
                "f1-score": 0.7242485524833613,
                "support": 19610
            },
            "weighted avg": {
                "precision": 0.7251712104192765,
                "recall": 0.7252932177460479,
                "f1-score": 0.7252179187585965,
                "support": 19610
            },
            "roc_auc": 0.8017939737180786,
            "pr_auc": 0.8173242268626584,
            "score": 0.7252932177460479
        }
    },
    "time": "0:00:23"
}
