{
    "program": "bin/ensemble.py",
    "config": {
        "seeds": [
            10,
            11,
            12,
            13,
            14
        ]
    },
    "single_model_program": "bin/train3___59b39dede09943e7941e1f2de49626b0.py",
    "data": "data/house",
    "prediction_type": null,
    "metrics": {
        "train": {
            "rmse": 19003.6908341741,
            "score": -19003.6908341741
        },
        "val": {
            "rmse": 30338.373228580578,
            "score": -30338.373228580578
        },
        "test": {
            "rmse": 32214.409930466067,
            "score": -32214.409930466067
        }
    }
}
