{
    "program": "bin/ensemble.py",
    "config": {
        "seeds": [
            5,
            6,
            7,
            8,
            9
        ]
    },
    "single_model_program": "bin/train1___4b81fe6798fe41d48686c2dc1422a099.py",
    "data": "data/california",
    "prediction_type": null,
    "metrics": {
        "train": {
            "rmse": 0.31707421712172007,
            "score": -0.31707421712172007
        },
        "val": {
            "rmse": 0.4398804133049135,
            "score": -0.4398804133049135
        },
        "test": {
            "rmse": 0.4393306022385956,
            "score": -0.4393306022385956
        }
    }
}
