{
    "dataset": "year",
    "algorithm": "node",
    "config": {
        "source": "output/year/node/tuned",
        "seeds": [
            5,
            6,
            7,
            8,
            9
        ],
        "count": 5
    },
    "metrics": {
        "val": {
            "rmse": 8.384262738659162,
            "score": -8.384262738659162
        },
        "test": {
            "rmse": 8.715058918761642,
            "score": -8.715058918761642
        }
    }
}
