{
    "program": "bin/ensemble.py",
    "config": {
        "seeds": [
            5,
            6,
            7,
            8,
            9
        ]
    },
    "single_model_program": "bin/train1___32a8c5b5708344dc91cd1a400b41fc8e.py",
    "data": "data/higgs-small",
    "prediction_type": "probs",
    "metrics": {
        "train": {
            "0": {
                "precision": 0.7456258411843876,
                "recall": 0.7491041849773511,
                "f1-score": 0.7473609659033422,
                "support": 29582
            },
            "1": {
                "precision": 0.7753019890405982,
                "recall": 0.7720763363381471,
                "f1-score": 0.7736858006042295,
                "support": 33169
            },
            "accuracy": 0.7612468327197973,
            "macro avg": {
                "precision": 0.7604639151124929,
                "recall": 0.760590260657749,
                "f1-score": 0.7605233832537859,
                "support": 62751
            },
            "weighted avg": {
                "precision": 0.7613120955587027,
                "recall": 0.7612468327197973,
                "f1-score": 0.7612757790886896,
                "support": 62751
            },
            "roc_auc": 0.8451010715944337,
            "score": 0.7612468327197973
        },
        "val": {
            "0": {
                "precision": 0.7219317556411667,
                "recall": 0.7094375338020552,
                "f1-score": 0.7156301145662848,
                "support": 7396
            },
            "1": {
                "precision": 0.7447743467933492,
                "recall": 0.7562711046792089,
                "f1-score": 0.7504786979415988,
                "support": 8292
            },
            "accuracy": 0.73419173890872,
            "macro avg": {
                "precision": 0.7333530512172579,
                "recall": 0.732854319240632,
                "f1-score": 0.7330544062539418,
                "support": 15688
            },
            "weighted avg": {
                "precision": 0.7340053638661729,
                "recall": 0.73419173890872,
                "f1-score": 0.7340495723268727,
                "support": 15688
            },
            "roc_auc": 0.8181934531566457,
            "score": 0.73419173890872
        },
        "test": {
            "0": {
                "precision": 0.7176355109608463,
                "recall": 0.7117360735532721,
                "f1-score": 0.7146736178994244,
                "support": 9245
            },
            "1": {
                "precision": 0.7447562494013983,
                "recall": 0.7502170767004341,
                "f1-score": 0.7474766894165144,
                "support": 10365
            },
            "accuracy": 0.7320754716981132,
            "macro avg": {
                "precision": 0.7311958801811222,
                "recall": 0.7309765751268531,
                "f1-score": 0.7310751536579694,
                "support": 19610
            },
            "weighted avg": {
                "precision": 0.7319703632778438,
                "recall": 0.7320754716981132,
                "f1-score": 0.7320119063377027,
                "support": 19610
            },
            "roc_auc": 0.8127957094446432,
            "score": 0.7320754716981132
        }
    }
}
