{
    "program": "bin/ensemble.py",
    "config": {
        "seeds": [
            0,
            1,
            2,
            3,
            4
        ]
    },
    "single_model_program": "bin/train1___e06bba3ae6c04d44a7ce916c661506b0.py",
    "data": "data/eye",
    "prediction_type": "probs",
    "metrics": {
        "train": {
            "0": {
                "precision": 1.0,
                "recall": 1.0,
                "f1-score": 1.0,
                "support": 2434
            },
            "1": {
                "precision": 1.0,
                "recall": 1.0,
                "f1-score": 1.0,
                "support": 2727
            },
            "2": {
                "precision": 1.0,
                "recall": 1.0,
                "f1-score": 1.0,
                "support": 1837
            },
            "accuracy": 1.0,
            "macro avg": {
                "precision": 1.0,
                "recall": 1.0,
                "f1-score": 1.0,
                "support": 6998
            },
            "weighted avg": {
                "precision": 1.0,
                "recall": 1.0,
                "f1-score": 1.0,
                "support": 6998
            },
            "score": 1.0
        },
        "val": {
            "0": {
                "precision": 0.6905537459283387,
                "recall": 0.6962233169129721,
                "f1-score": 0.6933769419460344,
                "support": 609
            },
            "1": {
                "precision": 0.7116212338593975,
                "recall": 0.7272727272727273,
                "f1-score": 0.719361856417694,
                "support": 682
            },
            "2": {
                "precision": 0.8337129840546698,
                "recall": 0.7973856209150327,
                "f1-score": 0.8151447661469934,
                "support": 459
            },
            "accuracy": 0.7348571428571429,
            "macro avg": {
                "precision": 0.7452959879474687,
                "recall": 0.7402938883669107,
                "f1-score": 0.7426278548369073,
                "support": 1750
            },
            "weighted avg": {
                "precision": 0.736312669967749,
                "recall": 0.7348571428571429,
                "f1-score": 0.7354415950762698,
                "support": 1750
            },
            "score": 0.7348571428571429
        },
        "test": {
            "0": {
                "precision": 0.6772853185595568,
                "recall": 0.6425755584756899,
                "f1-score": 0.6594740391099123,
                "support": 761
            },
            "1": {
                "precision": 0.6895761741122566,
                "recall": 0.7057444314185228,
                "f1-score": 0.697566628041715,
                "support": 853
            },
            "2": {
                "precision": 0.7790893760539629,
                "recall": 0.8048780487804879,
                "f1-score": 0.7917737789203085,
                "support": 574
            },
            "accuracy": 0.7097806215722121,
            "macro avg": {
                "precision": 0.7153169562419254,
                "recall": 0.7177326795582335,
                "f1-score": 0.7162714820239785,
                "support": 2188
            },
            "weighted avg": {
                "precision": 0.7087842348247497,
                "recall": 0.7097806215722121,
                "f1-score": 0.7090320962442793,
                "support": 2188
            },
            "score": 0.7097806215722121
        }
    }
}
